Name,Team,G,PA,AB,H,2B,3B,HR,XBH,SB,HBP,AVG,OBP,R,RBI,BB,SO,CS,SLG,OPS,wOBA,Fld,BsR,WAR,ADP,playerid,zHR,zXBH,zSB,zHBP,zAVG,zOBS,zPR,zPR-AVG+OBS
Anthony Rizzo,Cubs,157,658,549,154,33,3,34,70,9,20,0.28,0.391,97,107,84,98,5,0.536,0.927,0.389,6.3,-1.2,4.7,25.7,3473,1.73,1.83,0.10,5.10,1.00,2.43,12.18,8.76
Mike Trout,Angels,155,651,523,157,31,4,39,74,22,10,0.299,0.427,114,105,112,131,7,0.599,1.027,0.423,-2.6,3.1,8.2,1.1,10155,2.29,2.13,1.69,1.68,2.00,3.84,13.63,7.79
Giancarlo Stanton,Yankees,150,630,542,152,27,1,58,86,2,6,0.28,0.372,109,140,77,171,2,0.655,1.027,0.416,2.8,-0.6,6.3,8.1,4949,4.42,3.05,-0.75,0.31,1.00,1.68,9.71,7.03
Starling Marte,Pirates,148,623,568,160,30,4,15,49,33,16,0.282,0.338,81,66,33,124,11,0.427,0.765,0.329,5.3,2.8,3.2,47.7,9241,-0.40,0.21,3.04,3.73,1.10,0.35,8.03,6.58
Kris Bryant,Cubs,157,658,553,154,31,3,33,67,9,13,0.278,0.385,104,95,86,147,5,0.529,0.914,0.385,2.6,2.2,5.9,15.5,15429,1.61,1.60,0.10,2.71,0.89,2.19,9.11,6.02
Derek Dietrich,Marlins,135,568,494,123,26,5,16,47,1,24,0.249,0.337,64,63,44,125,1,0.423,0.76,0.327,-4.8,-0.1,0.9,458.6,10542,-0.29,0.06,-0.87,6.47,-0.64,0.31,5.04,5.37
Charlie Blackmon,Rockies,150,630,563,170,30,7,27,64,15,11,0.303,0.367,103,78,49,110,9,0.525,0.892,0.374,-4.8,0.2,3,8.4,7859,0.94,1.37,0.84,2.02,2.21,1.49,8.86,5.17
Rougned Odor,Rangers,153,644,597,153,30,4,31,65,14,9,0.256,0.301,85,92,32,139,8,0.475,0.776,0.325,-6,0.6,1.7,104.5,12282,1.39,1.44,0.72,1.34,-0.27,-1.11,3.51,4.89
Jose Altuve,Astros,155,651,587,184,36,4,20,60,28,8,0.313,0.372,93,82,50,73,8,0.487,0.859,0.364,-2.5,0.7,4.8,2.2,5417,0.16,1.06,2.42,0.99,2.73,1.68,9.05,4.64
Trea Turner,Nationals,147,616,564,163,30,8,16,54,49,3,0.288,0.339,89,66,42,119,13,0.454,0.793,0.338,1.5,5,3.7,4.5,16252,-0.29,0.60,4.99,-0.72,1.42,0.39,6.38,4.58
Freddie Freeman,Braves,150,630,532,155,35,3,31,69,8,9,0.291,0.395,92,93,85,134,5,0.541,0.935,0.389,2.1,-0.2,4.3,21.1,5361,1.39,1.75,-0.02,1.34,1.57,2.59,8.62,4.46
Carlos Gomez,Rays,142,595,531,127,28,1,19,48,18,14,0.239,0.311,68,68,43,170,8,0.406,0.717,0.31,4.1,0.5,1.4,308.7,4881,0.05,0.14,1.20,3.05,-1.16,-0.71,2.56,4.44
Paul Goldschmidt,Diamondbacks,157,658,546,157,34,2,31,67,17,6,0.288,0.4,100,103,100,147,6,0.527,0.927,0.386,5,1.2,4.3,7.6,9218,1.39,1.60,1.08,0.31,1.42,2.78,8.58,4.38
Joey Gallo,Rangers,152,637,541,119,21,3,42,66,7,6,0.22,0.332,93,100,86,236,3,0.507,0.839,0.352,0.6,1.5,2.5,102.8,14128,2.62,1.52,-0.14,0.31,-2.16,0.11,2.26,4.31
George Springer,Astros,150,630,542,146,27,2,31,60,9,10,0.27,0.364,99,86,71,137,6,0.497,0.861,0.366,-2.3,-0.2,4.3,31.4,12856,1.39,1.06,0.10,1.68,0.47,1.37,6.07,4.23
Jose Abreu,White Sox,145,609,554,160,32,3,29,64,2,12,0.289,0.345,77,95,38,115,1,0.515,0.86,0.359,-2.3,-1.4,2.6,41,15676,1.17,1.37,-0.75,2.36,1.47,0.62,6.24,4.15
Aaron Judge,Yankees,153,644,539,136,23,2,42,67,7,5,0.253,0.366,101,108,93,202,4,0.535,0.901,0.376,2.5,-0.2,4.3,19.9,15640,2.62,1.60,-0.14,-0.03,-0.42,1.45,5.07,4.05
Nolan Arenado,Rockies,153,644,578,171,38,5,39,82,3,4,0.296,0.357,97,118,55,101,3,0.58,0.937,0.385,9.2,-0.7,5,4.5,9777,2.29,2.75,-0.63,-0.37,1.84,1.09,6.96,4.03
Brian Dozier,Twins,153,644,561,144,31,3,30,64,14,7,0.257,0.343,96,84,68,132,6,0.482,0.825,0.348,-1.1,1.7,3.7,37.2,9810,1.28,1.37,0.72,0.65,-0.21,0.54,4.34,4.01
Cody Bellinger,Dodgers,150,630,553,145,27,3,39,69,13,3,0.262,0.346,91,110,69,159,5,0.537,0.882,0.364,3.6,1.1,3.6,26.8,15998,2.29,1.75,0.59,-0.72,0.05,0.66,4.62,3.91
Rhys Hoskins,Phillies,150,630,544,143,26,3,36,65,5,7,0.263,0.355,91,111,73,140,3,0.522,0.877,0.369,1.6,0.1,3.6,48.8,16472,1.95,1.44,-0.38,0.65,0.10,1.01,4.78,3.66
Khris Davis,Athletics,150,630,559,140,28,2,38,68,4,6,0.25,0.325,86,107,59,178,1,0.511,0.836,0.35,-0.1,-0.9,2.1,67.8,9112,2.17,1.67,-0.51,0.31,-0.58,-0.16,2.90,3.65
A.J. Pollock,Diamondbacks,147,616,557,160,38,6,19,63,26,5,0.287,0.347,92,68,48,92,9,0.48,0.827,0.351,4.4,1.9,3.6,68.2,9256,0.05,1.29,2.18,-0.03,1.36,0.70,5.55,3.48
Nelson Cruz,Mariners,150,630,555,148,24,0,36,60,1,9,0.267,0.345,84,105,61,148,1,0.504,0.849,0.356,0,-2.6,2.4,59.5,2434,1.95,1.06,-0.87,1.34,0.31,0.62,4.41,3.47
Mookie Betts,Red Sox,153,644,573,171,39,4,24,67,23,3,0.298,0.366,100,90,62,73,6,0.505,0.871,0.367,15.2,4.3,5.6,7.8,13611,0.61,1.60,1.81,-0.72,1.94,1.45,6.69,3.30
J.D. Martinez,Red Sox,145,609,544,156,33,3,39,75,4,3,0.287,0.355,90,110,57,164,2,0.575,0.93,0.384,-0.1,-1.5,3.4,22.8,6184,2.29,2.21,-0.51,-0.72,1.36,1.01,5.65,3.27
Trevor Story,Rockies,153,644,577,142,33,5,30,68,11,5,0.246,0.317,82,93,57,203,4,0.474,0.791,0.333,0.6,0.8,1.9,113,12564,1.28,1.67,0.35,-0.03,-0.79,-0.48,2.00,3.27
Jonathan Schoop,Orioles,153,644,598,161,32,0,31,63,2,9,0.27,0.312,82,98,30,137,1,0.481,0.793,0.335,0.6,-0.6,3,64.2,11265,1.39,1.29,-0.75,1.34,0.47,-0.68,3.06,3.27
Josh Donaldson,Blue Jays,150,630,532,145,30,2,35,67,4,6,0.273,0.377,96,100,86,131,2,0.534,0.912,0.384,5.9,0.2,6.1,32.3,5038,1.84,1.60,-0.51,0.31,0.63,1.88,5.75,3.24
Bradley Zimmer,Indians,143,602,535,127,26,3,17,46,28,8,0.238,0.315,71,67,53,193,10,0.397,0.711,0.308,4.2,2.1,2,191.9,16221,-0.18,-0.02,2.42,0.99,-1.21,-0.56,1.45,3.23
Byron Buxton,Twins,150,630,570,143,25,7,22,54,26,5,0.251,0.311,82,75,46,180,6,0.434,0.745,0.317,11.5,4.6,3.5,48.9,14161,0.38,0.60,2.18,-0.03,-0.53,-0.71,1.88,3.13
Randal Grichuk,Blue Jays,142,595,551,134,33,4,32,69,6,5,0.243,0.292,77,91,35,182,4,0.494,0.786,0.327,3.7,0.5,2,279.4,10243,1.50,1.75,-0.26,-0.03,-0.95,-1.46,0.55,2.96
Tommy Pham,Cardinals,146,612,530,141,26,3,22,51,20,7,0.265,0.355,86,74,69,150,8,0.45,0.804,0.346,-1.9,1.6,3.2,57.7,2967,0.38,0.37,1.45,0.65,0.21,1.01,4.07,2.85
Justin Upton,Angels,150,630,556,136,29,1,32,62,12,4,0.245,0.327,84,97,65,186,5,0.471,0.798,0.337,-1,1,2.5,49.3,5222,1.50,1.21,0.47,-0.37,-0.85,-0.09,1.88,2.81
Bryce Harper,Nationals,147,616,507,151,28,2,35,65,10,3,0.298,0.413,100,102,100,122,6,0.57,0.983,0.406,2.5,0.3,5.6,8.8,11579,1.84,1.44,0.23,-0.72,1.94,3.29,8.03,2.79
Michael Conforto,Mets,140,588,511,133,29,2,30,61,3,8,0.26,0.349,82,86,64,140,2,0.5,0.849,0.357,2.2,0.4,4,192,16376,1.28,1.14,-0.63,0.99,-0.06,0.78,3.50,2.78
Manny Machado,Orioles,153,644,583,166,33,1,34,68,8,3,0.284,0.342,91,99,51,105,4,0.52,0.862,0.36,5.6,-0.8,5.3,17.3,11493,1.73,1.67,-0.02,-0.72,1.21,0.50,4.37,2.67
Javier Baez,Cubs,146,612,563,145,27,2,25,54,13,7,0.258,0.307,74,86,35,160,5,0.448,0.755,0.314,3.7,1.5,1.9,104.9,12979,0.72,0.60,0.59,0.65,-0.16,-0.87,1.53,2.56
Alex Bregman,Astros,150,630,562,154,34,5,22,61,14,6,0.274,0.342,87,82,55,98,6,0.466,0.808,0.344,0.3,0.1,3.8,32.4,17678,0.38,1.14,0.72,0.31,0.68,0.50,3.73,2.54
Wil Myers,Padres,142,595,521,132,26,3,27,56,18,4,0.253,0.337,78,81,64,155,7,0.469,0.806,0.342,0.2,1.2,2.4,64.1,10047,0.94,0.75,1.20,-0.37,-0.42,0.31,2.41,2.52
Shin-Soo Choo,Rangers,150,630,539,139,24,1,21,46,10,11,0.258,0.355,85,70,73,142,5,0.424,0.778,0.338,-0.7,-0.3,1.1,258.9,3174,0.27,-0.02,0.23,2.02,-0.16,1.01,3.36,2.50
Jose Ramirez,Indians,153,644,581,173,43,4,20,67,20,3,0.298,0.356,92,84,52,67,8,0.493,0.849,0.359,5.1,1.4,4.9,20.4,13510,0.16,1.60,1.45,-0.72,1.94,1.05,5.48,2.49
Jackie Bradley Jr.,Red Sox,150,630,557,143,31,4,21,56,9,9,0.257,0.335,80,81,58,148,3,0.44,0.774,0.331,5.3,1.1,3.2,288.4,12984,0.27,0.75,0.10,1.34,-0.21,0.23,2.48,2.46
Edwin Encarnacion,Indians,153,644,546,141,26,1,36,63,2,5,0.258,0.363,91,108,88,130,0,0.506,0.868,0.366,0,-1.9,2.6,57.6,2151,1.95,1.29,-0.75,-0.03,-0.16,1.33,3.62,2.46
Ronald Acuna,,135,567,519,143,25,5,19,49,29,4,0.275,0.325,67,70,37,150,17,0.451,0.776,0.331,0.9,-1.3,1.3,100.7,sa877503,0.05,0.21,2.55,-0.37,0.73,-0.16,3.00,2.43
Matt Chapman,Athletics,150,630,562,127,28,3,31,62,7,5,0.226,0.3,78,87,57,191,5,0.453,0.754,0.318,9.4,0.1,3.2,281.9,16505,1.39,1.21,-0.14,-0.03,-1.85,-1.15,-0.56,2.43
Matt Olson,Athletics,150,630,546,129,28,1,35,64,2,5,0.236,0.329,84,96,73,170,1,0.485,0.814,0.343,1.2,-0.2,2.4,121.8,14344,1.84,1.37,-0.75,-0.03,-1.32,-0.01,1.10,2.42
Carlos Correa,Astros,155,651,570,168,34,2,30,66,8,4,0.294,0.375,96,112,72,121,3,0.519,0.894,0.376,-1.3,1,6.1,14.8,14162,1.28,1.52,-0.02,-0.37,1.73,1.80,5.94,2.41
Scott Schebler,Reds,122,511,459,114,21,4,23,48,6,11,0.248,0.316,62,73,36,121,3,0.462,0.779,0.328,-0.8,0.3,1,284.3,12225,0.49,0.14,-0.26,2.02,-0.69,-0.52,1.19,2.39
Kevin Kiermaier,Rays,150,630,568,145,27,6,19,52,21,6,0.254,0.317,76,62,47,134,8,0.426,0.743,0.318,15.1,2.5,4.1,156.4,11038,0.05,0.45,1.57,0.31,-0.37,-0.48,1.52,2.37
Francisco Lindor,Indians,155,651,581,170,35,4,24,63,15,4,0.293,0.354,92,83,55,84,5,0.488,0.842,0.356,11.3,0.8,5.8,20.7,12916,0.61,1.29,0.84,-0.37,1.68,0.98,5.01,2.36
Kyle Seager,Mariners,152,637,566,151,32,2,28,62,3,7,0.266,0.34,79,92,59,106,2,0.476,0.815,0.343,2.4,-1.1,3.9,141.2,9785,1.05,1.21,-0.63,0.65,0.26,0.42,2.98,2.29
Josh Harrison,Pirates,133,560,515,143,30,4,12,46,13,12,0.277,0.324,66,56,26,89,6,0.418,0.742,0.318,-0.8,0.9,1.6,269,8202,-0.74,-0.02,0.59,2.36,0.84,-0.20,2.84,2.20
Mitch Haniger,Mariners,143,602,537,136,27,3,22,52,8,9,0.252,0.322,73,73,48,137,5,0.439,0.761,0.325,3.5,-0.8,2.1,219.1,14274,0.38,0.45,-0.02,1.34,-0.48,-0.28,1.39,2.15
Ryan Braun,Brewers,136,570,512,144,29,3,25,57,13,5,0.28,0.346,77,86,49,109,6,0.496,0.841,0.354,-1.6,-1.4,2,121.2,3410,0.72,0.83,0.59,-0.03,1.00,0.66,3.76,2.11
Todd Frazier,Mets,137,574,501,118,23,1,26,50,8,8,0.235,0.324,70,81,60,127,5,0.443,0.767,0.327,2.3,-0.6,2.5,286.2,785,0.83,0.29,-0.02,0.99,-1.37,-0.20,0.52,2.10
Yoenis Cespedes,Mets,143,602,546,147,30,3,31,64,3,5,0.268,0.327,81,92,45,124,2,0.505,0.832,0.346,6.1,0.2,3.1,95,13110,1.39,1.37,-0.63,-0.03,0.36,-0.09,2.37,2.10
C.J. Cron,Rays,142,595,545,138,27,2,24,53,5,9,0.252,0.306,65,82,35,134,3,0.443,0.749,0.318,0.1,-1.1,0.7,351.5,12546,0.61,0.52,-0.38,1.34,-0.48,-0.91,0.69,2.08
Joey Votto,Reds,157,658,526,157,31,1,28,60,5,6,0.299,0.432,94,91,120,104,2,0.52,0.951,0.4,1.4,-2.7,4.7,19.2,4314,1.05,1.06,-0.38,0.31,2.00,4.04,8.07,2.04
Jake Lamb,Diamondbacks,152,637,550,139,31,6,27,64,6,5,0.253,0.347,82,95,76,162,4,0.477,0.824,0.346,-4.8,0.5,2.4,138.4,13329,0.94,1.37,-0.26,-0.03,-0.42,0.70,2.29,2.01
Anthony Rendon,Nationals,147,616,530,148,35,2,22,59,8,7,0.279,0.37,86,85,73,100,4,0.478,0.849,0.361,7.4,0.6,4.6,55.7,12861,0.38,0.98,-0.02,0.65,0.94,1.60,4.55,2.00
Lucas Duda,Royals,133,560,481,114,26,0,29,55,1,8,0.238,0.338,68,80,66,154,1,0.479,0.817,0.344,0.1,-0.9,1.7,385.8,2502,1.17,0.68,-0.87,0.99,-1.21,0.35,1.10,1.96
Alex Gordon,Royals,143,602,525,124,24,2,16,42,7,13,0.236,0.325,66,61,58,150,4,0.381,0.706,0.307,9.6,0.3,1.5,527.3,5209,-0.29,-0.32,-0.14,2.71,-1.32,-0.16,0.47,1.95
Paul DeJong,Cardinals,147,616,570,147,30,2,27,59,3,7,0.258,0.305,71,86,34,161,3,0.457,0.763,0.322,-3.8,-0.9,2,151.7,18015,0.94,0.98,-0.63,0.65,-0.16,-0.95,0.84,1.95
Eugenio Suarez,Reds,148,623,544,138,26,2,24,52,7,8,0.254,0.34,78,80,65,149,5,0.447,0.787,0.338,1.6,-0.9,2.7,186.5,12552,0.61,0.45,-0.14,0.99,-0.37,0.42,1.96,1.91
Yasiel Puig,Dodgers,138,581,512,141,27,3,26,56,11,5,0.275,0.353,75,85,59,110,7,0.491,0.844,0.356,5.2,-1.3,3.3,109.5,14225,0.83,0.75,0.35,-0.03,0.73,0.94,3.57,1.90
Kolten Wong,Cardinals,133,560,493,133,26,4,13,43,11,12,0.27,0.346,66,61,47,86,4,0.415,0.761,0.325,0.7,1.5,2.2,357.9,12532,-0.63,-0.25,0.35,2.36,0.47,0.66,2.97,1.84
Adam Jones,Orioles,150,630,588,159,26,2,28,56,3,7,0.271,0.31,79,85,29,112,1,0.463,0.774,0.326,-5.9,0.8,2,148.6,6368,1.05,0.75,-0.63,0.65,0.52,-0.75,1.60,1.83
Miguel Sano,Twins,147,616,534,133,25,2,35,62,1,4,0.249,0.342,86,101,73,211,0,0.503,0.845,0.355,-1.8,-1.4,3.4,112.1,12164,1.84,1.21,-0.87,-0.37,-0.64,0.50,1.67,1.80
Billy Hamilton,Reds,133,560,508,126,19,7,6,32,52,2,0.247,0.303,69,39,41,112,13,0.345,0.648,0.284,10.1,6.5,1.5,71.3,10199,-1.41,-1.09,5.36,-1.06,-0.74,-1.03,0.03,1.80
Dee Gordon,Mariners,148,623,583,164,20,7,4,31,46,5,0.282,0.317,77,39,27,91,15,0.357,0.674,0.293,3.7,4.3,1.9,28.7,8203,-1.63,-1.17,4.62,-0.03,1.10,-0.48,2.41,1.79
Chris Davis,Orioles,140,588,507,114,20,0,34,54,1,6,0.225,0.325,79,87,71,207,1,0.468,0.792,0.335,1.7,0.2,1.6,251.8,9272,1.73,0.60,-0.87,0.31,-1.90,-0.16,-0.30,1.76
Logan Morrison,Twins,145,609,530,133,25,2,29,56,4,6,0.252,0.343,76,85,69,135,2,0.469,0.811,0.343,-0.1,-0.6,1.5,272.3,9205,1.17,0.75,-0.51,0.31,-0.48,0.54,1.79,1.72
Ian Happ,Cubs,138,581,518,131,24,3,28,55,11,4,0.252,0.323,78,85,52,163,6,0.475,0.798,0.335,1.1,-0.6,2.3,119.5,17919,1.05,0.68,0.35,-0.37,-0.48,-0.24,0.98,1.70
Mike Moustakas,Royals,142,595,542,145,28,1,30,59,1,6,0.268,0.323,73,85,40,90,1,0.489,0.812,0.34,-0.3,-1.8,2.7,135.3,4892,1.28,0.98,-0.87,0.31,0.36,-0.24,1.82,1.70
Andrew McCutchen,Giants,147,616,528,142,28,3,23,54,10,6,0.269,0.364,82,78,75,126,5,0.462,0.825,0.351,-6.6,-0.1,2.2,93,9847,0.49,0.60,0.23,0.31,0.42,1.37,3.41,1.63
Nicholas Castellanos,Tigers,150,630,577,161,35,7,26,68,4,4,0.278,0.329,73,92,42,142,4,0.5,0.83,0.348,-7.1,-1.9,1.8,94.8,11737,0.83,1.67,-0.51,-0.37,0.89,-0.01,2.51,1.62
Andrew Benintendi,Red Sox,147,616,544,154,34,4,18,56,16,5,0.284,0.357,83,83,60,98,8,0.46,0.816,0.347,3.5,0,2.9,40.8,17901,-0.07,0.75,0.96,-0.03,1.21,1.09,3.91,1.61
Jean Segura,Mariners,147,616,569,156,27,3,13,43,23,7,0.274,0.32,77,56,33,93,9,0.4,0.72,0.309,-5,1,2,74.4,5933,-0.63,-0.25,1.81,0.65,0.68,-0.36,1.91,1.59
Gary Sanchez,Yankees,123,515,465,123,22,0,31,53,3,6,0.265,0.328,72,90,39,115,1,0.513,0.841,0.353,-3.2,-0.4,3.5,19.1,11442,1.39,0.52,-0.63,0.31,0.21,-0.05,1.75,1.59
Lewis Brinson,Marlins,145,609,552,135,27,5,19,51,15,6,0.244,0.305,66,67,45,141,8,0.413,0.718,0.306,3.8,-0.1,1.6,275.1,14352,0.05,0.37,0.84,0.31,-0.90,-0.95,-0.29,1.56
Travis Shaw,Brewers,145,609,545,138,29,2,27,58,6,5,0.253,0.323,76,88,54,142,2,0.463,0.786,0.332,-0.5,-0.4,2.1,88.4,11982,0.94,0.91,-0.26,-0.03,-0.42,-0.24,0.89,1.55
Robinson Chirinos,Rangers,114,480,419,96,21,2,21,44,3,11,0.229,0.314,59,60,43,126,1,0.434,0.749,0.321,2.1,-0.9,2.4,253.1,3142,0.27,-0.17,-0.63,2.02,-1.69,-0.60,-0.79,1.49
Christian Yelich,Brewers,150,630,549,161,35,3,21,59,13,4,0.293,0.376,90,80,71,129,4,0.481,0.857,0.365,0.8,1.8,3.5,44.7,11477,0.27,0.98,0.59,-0.37,1.68,1.84,4.99,1.47
Adam Duvall,Reds,123,518,473,113,26,3,25,54,4,7,0.239,0.294,62,79,33,137,3,0.466,0.76,0.319,2.7,0,0.9,179.9,10950,0.72,0.60,-0.51,0.65,-1.16,-1.38,-1.08,1.46
Lorenzo Cain,Brewers,143,602,546,155,28,4,15,47,20,6,0.283,0.341,79,63,44,103,5,0.432,0.773,0.331,6.7,1.8,3,81.9,9077,-0.40,0.06,1.45,0.31,1.15,0.46,3.03,1.42
Adam Eaton,Nationals,142,595,525,152,29,7,10,46,14,10,0.289,0.364,82,55,53,99,6,0.428,0.792,0.343,4.1,1.5,2.5,154,11205,-0.96,-0.02,0.72,1.68,1.47,1.37,4.25,1.42
Justin Smoak,Blue Jays,150,630,552,139,28,1,32,61,1,4,0.253,0.338,81,95,70,150,1,0.483,0.821,0.347,1.1,-1.9,2.2,158.2,9054,1.50,1.14,-0.87,-0.37,-0.42,0.35,1.31,1.39
Kevin Pillar,Blue Jays,150,630,586,158,38,2,14,54,16,6,0.269,0.309,72,62,30,96,7,0.411,0.72,0.308,10.4,1.1,2.7,323.2,12434,-0.51,0.60,0.96,0.31,0.42,-0.79,0.98,1.35
Ozzie Albies,Braves,152,637,578,153,29,8,13,50,22,5,0.265,0.322,77,65,46,125,8,0.412,0.734,0.315,6.2,1.4,2.4,110.9,16556,-0.63,0.29,1.69,-0.03,0.21,-0.28,1.25,1.32
Corey Seager,Dodgers,150,630,561,163,36,2,24,62,4,5,0.291,0.359,89,87,58,120,2,0.493,0.852,0.36,4.4,1.1,5.2,43.5,13624,0.61,1.21,-0.51,-0.03,1.57,1.17,4.03,1.28
Yoan Moncada,White Sox,142,595,517,125,20,4,18,42,22,5,0.241,0.332,74,59,67,171,11,0.399,0.73,0.317,-0.2,0.5,2.1,132.2,17232,-0.07,-0.32,1.69,-0.03,-1.06,0.11,0.33,1.27
Delino DeShields,Rangers,143,602,519,128,21,3,10,34,37,4,0.246,0.329,84,39,62,148,13,0.356,0.685,0.303,-1.9,4.4,1.2,172.2,11379,-0.96,-0.94,3.52,-0.37,-0.79,-0.01,0.45,1.25
Evan Gattis,Astros,130,548,501,127,25,3,28,56,1,6,0.254,0.308,67,88,36,112,1,0.482,0.79,0.331,-1.5,-1.4,1.4,141.3,11003,1.05,0.75,-0.87,0.31,-0.37,-0.83,0.04,1.24
Whit Merrifield,Royals,145,609,566,157,34,4,12,50,25,4,0.277,0.317,73,61,31,97,10,0.415,0.732,0.313,2.4,1.5,2.1,69,11281,-0.74,0.29,2.06,-0.37,0.84,-0.48,1.60,1.24
Mike Zunino,Mariners,114,480,428,94,19,0,26,45,1,9,0.221,0.296,56,69,38,158,1,0.448,0.744,0.316,-0.8,-0.4,2.4,156.5,13265,0.83,-0.09,-0.87,1.34,-2.11,-1.30,-2.21,1.20
Carlos Santana,Phillies,144,604,505,130,27,3,28,58,5,4,0.257,0.372,80,82,91,97,2,0.488,0.859,0.365,1.3,-0.5,2.9,173.1,2396,1.05,0.91,-0.38,-0.37,-0.21,1.68,2.67,1.20
Eric Thames,Brewers,114,480,412,101,21,3,26,50,6,6,0.246,0.345,67,69,58,139,3,0.499,0.844,0.355,-1.7,-0.5,1.5,221.9,3711,0.83,0.29,-0.26,0.31,-0.79,0.62,1.00,1.17
Domingo Santana,Brewers,132,553,478,123,25,1,25,51,9,5,0.258,0.352,74,77,66,164,5,0.47,0.822,0.351,-4.1,0.4,1.7,101.1,10348,0.72,0.37,0.10,-0.03,-0.16,0.90,1.89,1.16
Addison Russell,Cubs,142,595,531,133,30,3,21,54,5,7,0.249,0.321,71,80,51,135,3,0.437,0.758,0.321,10.4,0.2,3.2,264.2,14106,0.27,0.60,-0.38,0.65,-0.64,-0.32,0.18,1.14
Ian Kinsler,Angels,147,616,560,144,26,3,18,47,12,7,0.258,0.317,84,63,43,97,6,0.412,0.729,0.313,6.7,0.3,2.8,183.6,6195,-0.07,0.06,0.47,0.65,-0.16,-0.48,0.48,1.12
Justin Turner,Dodgers,108,455,397,116,25,1,17,43,4,11,0.292,0.371,59,64,42,65,1,0.485,0.856,0.364,3,0,3.5,110.2,5235,-0.18,-0.25,-0.51,2.02,1.63,1.64,4.36,1.09
Aaron Altherr,Phillies,117,491,439,108,24,4,19,47,8,8,0.246,0.318,60,68,40,129,4,0.448,0.766,0.325,1.3,-0.5,1.1,286.5,11270,0.05,0.06,-0.02,0.99,-0.79,-0.44,-0.15,1.08
Ian Desmond,Rockies,127,534,487,134,23,2,20,45,16,5,0.275,0.329,69,74,37,128,6,0.452,0.781,0.333,1.5,1.4,0.5,117.9,6885,0.16,-0.09,0.96,-0.03,0.73,-0.01,1.72,0.99
Odubel Herrera,Phillies,150,630,572,157,32,4,15,51,14,6,0.274,0.332,76,61,45,138,7,0.423,0.755,0.323,4.3,0.3,2.4,213.2,11476,-0.40,0.37,0.72,0.31,0.68,0.11,1.78,0.99
Didi Gregorius,Yankees,147,616,571,153,28,2,21,51,5,7,0.268,0.31,72,80,31,83,2,0.433,0.743,0.316,0.7,1.5,2.6,120.4,6012,0.27,0.37,-0.38,0.65,0.36,-0.75,0.52,0.91
Yulieski Gurriel,Astros,128,539,496,142,37,1,19,57,3,7,0.285,0.333,68,75,30,72,2,0.477,0.81,0.342,-3.3,-0.4,1.6,253.8,19198,0.05,0.83,-0.63,0.65,1.26,0.15,2.31,0.90
Kyle Schwarber,Cubs,124,520,449,106,19,2,30,51,2,5,0.237,0.333,75,80,62,155,2,0.492,0.825,0.348,-3.2,0.1,1.7,162.5,16478,1.28,0.37,-0.75,-0.03,-1.27,0.15,-0.25,0.86
Matt Carpenter,Cardinals,145,609,502,131,32,3,20,55,3,7,0.261,0.38,87,70,92,127,3,0.455,0.835,0.359,0.6,-0.4,2.8,187,8090,0.16,0.68,-0.63,0.65,0.00,2.00,2.85,0.86
Elvis Andrus,Rangers,153,644,588,165,34,4,13,51,23,3,0.281,0.331,80,69,43,88,10,0.415,0.746,0.321,-4.8,1.4,2.1,60.3,8709,-0.63,0.37,1.81,-0.72,1.05,0.07,1.96,0.84
Jonathan Villar,Brewers,122,512,457,113,23,2,14,39,32,2,0.247,0.317,61,52,46,142,11,0.399,0.717,0.309,-5.3,1.4,0.5,174.4,10071,-0.51,-0.55,2.91,-1.06,-0.74,-0.48,-0.43,0.79
Dexter Fowler,Cardinals,147,616,523,136,26,7,17,50,11,6,0.26,0.362,84,63,80,133,5,0.432,0.794,0.343,-2.8,1.1,2.2,243.4,4062,-0.18,0.29,0.35,0.31,-0.06,1.29,2.01,0.77
Avisail Garcia,White Sox,138,581,530,149,24,3,19,46,6,8,0.282,0.338,71,76,39,128,4,0.445,0.783,0.333,-2.2,-0.6,1.7,197.7,5760,0.05,-0.02,-0.26,0.99,1.10,0.35,2.21,0.76
Mikie Mahtook,Tigers,133,560,514,131,26,6,15,47,9,8,0.255,0.308,62,61,32,134,3,0.412,0.72,0.309,-0.3,0.5,0.6,344.8,13130,-0.40,0.06,0.10,0.99,-0.32,-0.83,-0.39,0.76
Marcell Ozuna,Cardinals,147,616,559,160,29,3,30,62,2,2,0.286,0.346,80,99,50,129,2,0.507,0.853,0.359,4.4,-0.8,3.4,47.2,10324,1.28,1.21,-0.75,-1.06,1.31,0.66,2.65,0.68
Nomar Mazara,Rangers,150,630,565,154,26,3,25,54,3,5,0.273,0.338,75,93,53,120,2,0.463,0.801,0.339,-0.2,-1,1.9,152.9,14553,0.72,0.60,-0.63,-0.03,0.63,0.35,1.63,0.66
Chris Taylor,Dodgers,150,630,568,148,32,6,14,52,17,4,0.26,0.325,79,64,52,143,8,0.415,0.74,0.319,2,1.3,2.4,94.4,13757,-0.51,0.45,1.08,-0.37,-0.06,-0.16,0.42,0.64
Trey Mancini,Orioles,143,602,554,150,26,4,25,55,2,5,0.271,0.322,70,80,38,146,1,0.465,0.787,0.333,-3.4,-0.2,1.3,151.9,15149,0.72,0.68,-0.75,-0.03,0.52,-0.28,0.85,0.61
Adrian Beltre,Rangers,145,609,547,155,28,2,23,53,2,6,0.283,0.347,75,92,51,79,1,0.468,0.815,0.346,7.6,-1.2,3.6,157.2,639,0.49,0.52,-0.75,0.31,1.15,0.70,2.43,0.58
Eddie Rosario,Twins,147,616,575,156,31,4,23,58,10,2,0.272,0.31,79,82,32,126,7,0.462,0.772,0.325,4.4,0.2,1.9,125,12155,0.49,0.91,0.23,-1.06,0.57,-0.75,0.39,0.57
Daniel Murphy,Nationals,142,595,541,166,38,3,19,60,4,5,0.308,0.362,80,87,44,70,2,0.497,0.859,0.358,-8.4,-0.1,2.7,91.5,4316,0.05,1.06,-0.51,-0.03,2.47,1.29,4.33,0.57
Evan Longoria,Giants,150,630,575,156,36,3,22,61,3,4,0.271,0.323,72,85,43,112,2,0.458,0.78,0.329,2.2,-0.2,2.8,206.2,9368,0.38,1.14,-0.63,-0.37,0.52,-0.24,0.79,0.52
Miguel Cabrera,Tigers,150,630,553,158,31,1,26,58,1,4,0.286,0.365,79,91,68,123,1,0.489,0.854,0.359,0.4,-4,2.4,95.7,1744,0.83,0.91,-0.87,-0.37,1.31,1.41,3.21,0.49
Kole Calhoun,Angels,152,637,563,145,27,3,21,51,4,6,0.257,0.335,81,77,62,131,2,0.426,0.761,0.327,5.1,0.3,2.5,279.5,11200,0.27,0.37,-0.51,0.31,-0.21,0.23,0.46,0.44
Stephen Piscotty,Athletics,138,581,511,130,30,2,17,49,6,7,0.254,0.336,69,70,58,125,5,0.421,0.757,0.326,3.6,-1.9,1.9,286.4,13367,-0.18,0.21,-0.26,0.65,-0.37,0.27,0.32,0.43
Robinson Cano,Mariners,152,637,581,164,31,1,23,55,2,5,0.282,0.338,78,88,46,91,2,0.457,0.795,0.336,-2.2,-2.2,2.9,88.7,3269,0.49,0.68,-0.75,-0.03,1.10,0.35,1.83,0.39
Xander Bogaerts,Red Sox,150,630,568,163,33,4,15,52,11,5,0.287,0.35,86,75,51,110,4,0.439,0.789,0.338,-2.4,2.3,3.4,79.2,12161,-0.40,0.45,0.35,-0.03,1.36,0.82,2.54,0.36
Adam Engel,White Sox,125,525,472,95,18,4,11,33,21,7,0.201,0.27,53,44,38,167,8,0.325,0.595,0.261,2.9,1.2,-0.3,572.5,15082,-0.85,-1.01,1.57,0.65,-3.16,-2.33,-5.13,0.36
Willson Contreras,Cubs,129,542,480,129,26,2,20,48,6,6,0.268,0.344,66,77,52,116,5,0.456,0.799,0.342,-0.8,-2.1,3,50.6,11609,0.16,0.14,-0.26,0.31,0.36,0.58,1.29,0.34
Brandon Belt,Giants,142,595,503,131,32,4,21,57,5,4,0.26,0.366,77,76,83,144,3,0.465,0.832,0.355,8.1,-0.7,3.2,297.3,10264,0.27,0.83,-0.38,-0.37,-0.06,1.45,1.73,0.34
Kendrys Morales,Blue Jays,133,560,508,132,26,1,26,53,0,5,0.259,0.32,67,87,42,119,0,0.465,0.784,0.332,0,-3.4,0.6,310,8610,0.83,0.52,-0.99,-0.03,-0.11,-0.36,-0.14,0.33
Tim Beckham,Orioles,153,644,592,150,24,6,22,52,7,4,0.254,0.305,76,74,41,177,6,0.428,0.732,0.312,0.6,-1,1.8,259.5,7949,0.38,0.45,-0.14,-0.37,-0.37,-0.95,-1.01,0.31
Michael A. Taylor,Nationals,124,520,474,116,21,3,19,43,21,2,0.244,0.303,58,62,39,166,8,0.419,0.722,0.306,3.3,0.9,1.2,222.8,11489,0.05,-0.25,1.57,-1.06,-0.90,-1.03,-1.62,0.31
Steven Souza Jr.,Diamondbacks,117,490,425,104,19,2,21,42,11,5,0.244,0.336,62,62,55,148,5,0.445,0.781,0.335,1.6,0.7,1.2,206.6,5667,0.27,-0.32,0.35,-0.03,-0.90,0.27,-0.37,0.26
Maikel Franco,Phillies,133,560,514,136,29,2,25,56,1,4,0.265,0.318,66,84,38,88,0,0.47,0.788,0.331,-4.5,-0.6,1.6,242.6,12179,0.72,0.75,-0.87,-0.37,0.21,-0.44,-0.01,0.22
Jason Kipnis,Indians,133,560,500,130,32,3,15,50,11,5,0.261,0.329,70,60,47,112,4,0.424,0.753,0.324,-1.9,1,1.8,229.3,9776,-0.40,0.29,0.35,-0.03,0.00,-0.01,0.19,0.21
Rafael Devers,Red Sox,137,574,529,148,32,3,23,58,7,2,0.279,0.331,74,81,40,127,5,0.484,0.815,0.343,-2.3,-0.7,2.6,115.5,17350,0.49,0.91,-0.14,-1.06,0.94,0.07,1.22,0.20
Jedd Gyorko,Cardinals,142,597,536,138,23,2,27,52,4,3,0.257,0.324,67,88,52,130,3,0.458,0.782,0.332,2.1,-1.1,2.5,344,10816,0.94,0.45,-0.51,-0.72,-0.21,-0.20,-0.25,0.16
Yonder Alonso,Indians,147,616,537,143,29,0,26,55,3,3,0.266,0.354,80,84,72,132,1,0.469,0.823,0.35,-1.2,-0.9,2,265.3,2530,0.83,0.68,-0.63,-0.72,0.26,0.98,1.39,0.16
Matt Davidson,White Sox,133,560,510,106,20,1,25,46,1,6,0.208,0.27,59,72,39,202,1,0.397,0.667,0.284,-0.6,-1.1,-1.2,405.9,7226,0.72,-0.02,-0.87,0.31,-2.79,-2.33,-4.98,0.14
Marcus Semien,Athletics,142,595,532,134,28,3,21,52,12,2,0.252,0.322,76,68,54,129,4,0.434,0.756,0.323,-7.2,0.9,2.2,222.5,12533,0.27,0.45,0.47,-1.06,-0.48,-0.28,-0.63,0.13
Nick Delmonico,White Sox,137,574,510,125,27,1,23,51,5,4,0.244,0.32,69,73,54,138,2,0.435,0.755,0.323,1.2,-0.1,1.2,430.6,13157,0.49,0.37,-0.38,-0.37,-0.90,-0.36,-1.16,0.10
Jose Peraza,Reds,133,560,521,143,19,6,7,32,26,6,0.275,0.313,57,49,24,74,10,0.375,0.687,0.297,0.7,1.3,1.1,209.6,13593,-1.30,-1.09,2.18,0.31,0.73,-0.64,0.20,0.10
Jay Bruce,Mets,135,567,510,126,27,3,27,57,3,2,0.248,0.314,70,88,49,129,2,0.473,0.788,0.331,-2.5,-0.6,1.3,161.5,9892,0.94,0.83,-0.63,-1.06,-0.69,-0.60,-1.20,0.08
Gregory Polanco,Pirates,138,581,524,141,30,3,18,51,15,2,0.268,0.331,72,71,49,103,6,0.439,0.77,0.327,4.7,1.3,1.9,144.9,12907,-0.07,0.37,0.84,-1.06,0.36,0.07,0.52,0.08
Michael Brantley,Indians,133,560,501,148,33,1,15,49,13,4,0.295,0.36,72,77,49,68,3,0.457,0.817,0.348,-1.8,1.6,2.2,240.9,4106,-0.40,0.21,0.59,-0.37,1.78,1.21,3.03,0.03
Tim Anderson,White Sox,150,630,602,156,27,5,15,47,17,3,0.258,0.282,68,60,18,164,6,0.395,0.678,0.289,-3,1.1,0.9,197.3,15172,-0.40,0.06,1.08,-0.72,-0.16,-1.85,-1.99,0.02
Amed Rosario,Mets,147,616,577,149,23,9,10,42,19,5,0.258,0.295,60,56,28,125,9,0.377,0.672,0.289,3.7,-0.1,1.3,247.9,15518,-0.96,-0.32,1.33,-0.03,-0.16,-1.34,-1.50,0.01
Jorge Soler,Royals,142,595,519,122,26,1,23,50,2,5,0.235,0.325,70,74,66,174,1,0.427,0.752,0.323,-1.8,0.1,0.6,363.8,14221,0.49,0.29,-0.75,-0.03,-1.37,-0.16,-1.53,0.00
Corey Dickerson,Pirates,133,560,519,138,31,3,23,57,3,3,0.265,0.313,68,70,34,131,3,0.473,0.785,0.328,0.3,-0.6,1.3,225.6,10762,0.49,0.83,-0.63,-0.72,0.21,-0.64,-0.45,-0.02
Brandon Crawford,Giants,152,637,570,147,32,4,17,53,5,5,0.258,0.324,67,82,53,127,4,0.418,0.742,0.315,8.8,-0.6,3.1,339.2,5343,-0.18,0.52,-0.38,-0.03,-0.16,-0.20,-0.44,-0.07
Max Kepler,Twins,133,560,501,129,28,4,19,51,7,4,0.257,0.326,67,73,49,109,3,0.443,0.769,0.327,2.2,1,1.7,294.2,12144,0.05,0.37,-0.14,-0.37,-0.21,-0.13,-0.44,-0.10
Brett Gardner,Yankees,125,525,456,119,21,4,13,38,14,6,0.26,0.344,72,50,55,100,4,0.41,0.755,0.328,3.3,2,1.8,177.8,9927,-0.63,-0.63,0.72,0.31,-0.06,0.58,0.30,-0.23
Eric Hosmer,Padres,150,630,564,159,28,2,24,54,5,2,0.281,0.35,79,87,60,112,2,0.462,0.812,0.346,-0.2,-0.6,2.1,82.6,3516,0.61,0.60,-0.38,-1.06,1.05,0.82,1.63,-0.24
Justin Bour,Marlins,142,595,527,140,24,0,29,53,1,2,0.267,0.343,70,93,61,123,0,0.48,0.823,0.345,-0.1,-1.8,1.7,201.4,9744,1.17,0.52,-0.87,-1.06,0.31,0.54,0.61,-0.24
Ryan Zimmerman,Nationals,127,534,484,129,27,1,25,53,1,3,0.267,0.324,69,85,40,118,1,0.482,0.806,0.34,-3.6,-0.1,0.8,148.8,4220,0.72,0.52,-0.87,-0.72,0.31,-0.20,-0.24,-0.35
Mark Trumbo,Orioles,128,539,495,123,21,1,29,51,1,2,0.249,0.305,69,80,40,135,0,0.474,0.779,0.329,0,-1,0.6,281.3,6876,1.17,0.37,-0.87,-1.06,-0.64,-0.95,-1.98,-0.40
Asdrubal Cabrera,Mets,133,560,504,132,30,2,17,49,4,5,0.263,0.325,66,62,44,95,2,0.429,0.754,0.322,-10.3,-1.7,0.8,313.2,4962,-0.18,0.21,-0.51,-0.03,0.10,-0.16,-0.56,-0.50
Jon Jay,Royals,125,525,468,126,22,3,4,29,6,13,0.269,0.338,60,41,37,98,3,0.353,0.691,0.303,-1.9,-0.1,0.5,548,5227,-1.63,-1.32,-0.26,2.71,0.42,0.35,0.25,-0.51
Aaron Hicks,Yankees,133,560,486,121,24,2,19,45,13,2,0.249,0.337,70,68,65,110,7,0.422,0.759,0.328,1.2,0.3,2.4,224.3,5297,0.05,-0.09,0.59,-1.06,-0.64,0.31,-0.84,-0.51
David Peralta,Diamondbacks,125,525,475,132,27,5,15,47,7,5,0.279,0.338,66,60,39,95,3,0.449,0.787,0.335,-0.5,0.4,1.1,268.9,2136,-0.40,0.06,-0.14,-0.03,0.94,0.35,0.78,-0.51
Manuel Margot,Padres,133,560,514,135,21,8,12,41,19,3,0.263,0.313,63,50,36,96,9,0.407,0.72,0.309,7.2,0.3,2.2,137.9,14712,-0.74,-0.40,1.33,-0.72,0.10,-0.64,-1.06,-0.53
Jose Pirela,Padres,131,550,505,133,27,5,15,47,9,4,0.264,0.314,61,62,35,100,5,0.423,0.737,0.315,1.5,-0.4,1.4,354.8,5485,-0.40,0.06,0.10,-0.37,0.15,-0.60,-1.05,-0.61
Scooter Gennett,Reds,133,560,518,136,27,3,19,49,4,4,0.262,0.309,65,74,33,119,3,0.437,0.747,0.317,-5.6,-0.8,0.8,205.5,10339,0.05,0.21,-0.51,-0.37,0.05,-0.79,-1.36,-0.62
Carlos Gonzalez,Rockies,125,525,473,128,29,1,23,53,3,2,0.27,0.334,68,73,46,117,1,0.483,0.817,0.344,-1.3,0,0.7,278.5,7287,0.49,0.52,-0.63,-1.06,0.47,0.19,-0.01,-0.67
Orlando Arcia,Brewers,142,595,547,142,24,4,16,44,15,2,0.259,0.309,62,64,39,106,8,0.403,0.711,0.302,0.4,0,1.1,182.6,13185,-0.29,-0.17,0.84,-1.06,-0.11,-0.79,-1.58,-0.68
Neil Walker,Yankees,120,504,445,119,21,2,21,44,2,5,0.268,0.345,65,67,49,90,2,0.462,0.807,0.343,-1.8,-0.6,2.1,385,7539,0.27,-0.17,-0.75,-0.03,0.36,0.62,0.30,-0.68
Seth Smith,,117,490,426,109,25,2,17,44,2,6,0.255,0.343,62,56,52,104,1,0.439,0.782,0.335,-2.5,-1.3,1.1,681,7331,-0.18,-0.17,-0.75,0.31,-0.32,0.54,-0.56,-0.79
Russell Martin,Blue Jays,107,448,380,88,16,0,16,32,2,9,0.231,0.338,54,56,54,112,3,0.405,0.742,0.324,3.4,-1.8,2.6,314.3,4616,-0.29,-1.09,-0.75,1.34,-1.58,0.35,-2.03,-0.79
Joc Pederson,Dodgers,92,385,323,77,17,1,18,36,6,6,0.238,0.352,50,52,52,99,3,0.464,0.816,0.349,-0.6,-0.1,1.6,394.6,11899,-0.07,-0.78,-0.26,0.31,-1.21,0.90,-1.12,-0.80
Andrelton Simmons,Angels,153,644,591,160,31,2,11,44,13,4,0.271,0.321,70,67,42,64,6,0.389,0.71,0.307,15.8,-0.3,3.8,219.5,10847,-0.85,-0.17,0.59,-0.37,0.52,-0.32,-0.60,-0.80
Zack Cozart,Angels,142,595,535,137,25,5,18,48,4,4,0.256,0.322,73,68,50,94,2,0.424,0.746,0.319,11,-0.2,3.4,222.2,2616,-0.07,0.14,-0.51,-0.37,-0.27,-0.28,-1.36,-0.81
Marwin Gonzalez,Astros,110,462,419,111,24,1,16,41,7,5,0.264,0.322,54,60,32,95,4,0.437,0.759,0.324,0.9,-0.4,1.5,122.7,5497,-0.29,-0.40,-0.14,-0.03,0.15,-0.28,-0.99,-0.86
Buster Posey,Giants,139,582,512,152,29,1,15,45,5,5,0.297,0.372,69,75,59,66,2,0.449,0.821,0.348,7.7,-1.4,4.6,59.8,9166,-0.40,-0.09,-0.38,-0.03,1.89,1.68,2.66,-0.91
Brian McCann,Astros,107,451,397,96,14,1,20,35,1,7,0.241,0.322,54,67,42,81,0,0.43,0.752,0.321,-0.9,-1.4,2.2,223.3,4810,0.16,-0.86,-0.87,0.65,-1.06,-0.28,-2.26,-0.92
J.T. Realmuto,Marlins,122,512,472,127,26,4,13,43,8,5,0.27,0.319,57,55,31,91,3,0.422,0.742,0.316,1.5,0.5,2.5,108.6,11739,-0.63,-0.25,-0.02,-0.03,0.47,-0.40,-0.85,-0.92
Starlin Castro,Marlins,142,595,556,152,29,1,18,48,3,4,0.274,0.313,64,70,29,107,1,0.426,0.738,0.314,-4.1,-0.8,1.1,286,4579,-0.07,0.14,-0.63,-0.37,0.68,-0.64,-0.89,-0.93
Ender Inciarte,Braves,150,630,576,166,26,5,9,40,19,3,0.288,0.339,79,49,44,80,8,0.395,0.734,0.317,6.8,1.2,2.5,121.8,4922,-1.07,-0.48,1.33,-0.72,1.42,0.39,0.86,-0.94
Tyler Flowers,Braves,91,384,340,85,16,0,12,28,1,11,0.251,0.329,37,47,29,99,1,0.402,0.731,0.317,-3.1,-1.1,1.2,302,9134,-0.74,-1.40,-0.87,2.02,-0.53,-0.01,-1.52,-0.99
Josh Bell,Pirates,142,595,523,142,26,5,20,51,4,2,0.272,0.35,72,82,63,102,4,0.457,0.807,0.343,-2.7,-2.3,1.2,188.2,13145,0.16,0.37,-0.51,-1.06,0.57,0.82,0.35,-1.04
Willie Calhoun,Rangers,108,455,416,115,20,3,22,45,3,3,0.277,0.33,60,70,32,62,2,0.494,0.824,0.346,-1,0,1.6,270.9,17838,0.38,-0.09,-0.63,-0.72,0.84,0.03,-0.19,-1.06
Ketel Marte,Diamondbacks,147,616,560,160,33,6,9,48,13,3,0.285,0.339,70,60,45,84,6,0.416,0.754,0.324,-2,0.6,1.5,335.5,13613,-1.07,0.14,0.59,-0.72,1.26,0.39,0.58,-1.06
Brad Miller,Rays,123,518,451,108,22,4,18,44,7,3,0.239,0.328,60,62,59,130,4,0.422,0.75,0.322,-1,0,0.7,449.2,12775,-0.07,-0.17,-0.14,-0.72,-1.16,-0.05,-2.30,-1.09
Jeimer Candelario,Tigers,132,553,496,123,31,3,15,49,1,5,0.249,0.319,62,63,48,123,1,0.417,0.736,0.316,-0.8,-0.3,1.5,337.5,13621,-0.40,0.21,-0.87,-0.03,-0.64,-0.40,-2.13,-1.09
Chad Pinder,Athletics,107,448,414,99,21,2,15,38,5,6,0.239,0.287,49,52,23,124,3,0.406,0.693,0.296,-2.2,-1,0,451.3,15191,-0.40,-0.63,-0.38,0.31,-1.16,-1.66,-3.92,-1.11
Gregory Bird,Yankees,100,420,363,89,21,0,22,43,1,4,0.246,0.337,56,66,48,99,1,0.485,0.823,0.348,-1.4,-0.4,1.4,174.4,14131,0.38,-0.25,-0.87,-0.37,-0.79,0.31,-1.60,-1.11
Victor Martinez,Tigers,142,595,539,145,23,0,18,41,0,6,0.269,0.332,61,74,46,91,0,0.415,0.747,0.32,0,-4.5,-0.2,494,393,-0.07,-0.40,-0.99,0.31,0.42,0.11,-0.62,-1.15
Jason Heyward,Cubs,133,560,497,132,25,3,13,41,10,4,0.265,0.339,64,64,54,85,4,0.406,0.745,0.323,12.9,0.5,2.2,411.1,4940,-0.63,-0.40,0.23,-0.37,0.21,0.39,-0.58,-1.17
Scott Kingery,,98,412,379,97,18,4,11,33,14,5,0.256,0.304,47,46,23,86,5,0.413,0.717,0.306,1.1,0.8,0.8,269.4,sa857705,-0.85,-1.01,0.72,-0.03,-0.27,-0.99,-2.44,-1.18
Ryon Healy,Mariners,137,574,540,138,26,1,21,48,1,3,0.256,0.291,62,71,25,133,1,0.422,0.713,0.303,-1.5,-0.7,0.1,230.2,15447,0.27,0.14,-0.87,-0.72,-0.27,-1.50,-2.95,-1.18
Martin Maldonado,Angels,99,416,373,80,15,1,12,28,2,10,0.215,0.283,40,41,26,105,2,0.353,0.636,0.275,4.7,-0.9,1.1,405.6,6887,-0.74,-1.40,-0.75,1.68,-2.42,-1.81,-5.44,-1.21
Cameron Maybin,Marlins,115,483,428,107,21,3,9,33,24,2,0.249,0.325,58,45,47,98,9,0.373,0.699,0.306,-1.9,1.2,0.3,320.4,5223,-1.07,-1.01,1.94,-1.06,-0.64,-0.16,-2.01,-1.21
Luis Valbuena,Angels,127,532,461,105,22,1,22,45,1,3,0.228,0.32,61,71,61,132,2,0.425,0.745,0.319,-1.8,-1.2,0.9,501.9,4969,0.38,-0.09,-0.87,-0.72,-1.74,-0.36,-3.40,-1.30
Jose Iglesias,Tigers,142,595,550,148,31,1,7,39,10,6,0.269,0.312,64,53,30,70,5,0.369,0.681,0.296,4.2,-0.3,1.6,524.2,10231,-1.30,-0.55,0.23,0.31,0.42,-0.68,-1.57,-1.31
Steve Pearce,Blue Jays,95,399,356,91,20,1,17,38,1,6,0.256,0.329,48,52,34,79,1,0.46,0.789,0.335,-1.6,-0.4,0.9,605,9957,-0.18,-0.63,-0.87,0.31,-0.27,-0.01,-1.64,-1.37
Hunter Pence,Giants,140,588,534,138,22,5,18,45,4,3,0.258,0.317,66,73,46,119,3,0.416,0.733,0.314,0.3,-0.4,0.9,424.4,8252,-0.07,-0.09,-0.51,-0.72,-0.16,-0.48,-2.02,-1.38
Chase Headley,Padres,133,560,495,124,24,1,12,37,6,6,0.251,0.329,59,54,53,125,3,0.376,0.705,0.308,0.6,-0.2,1.3,408.3,4720,-0.74,-0.71,-0.26,0.31,-0.53,-0.01,-1.93,-1.40
Albert Pujols,Angels,133,560,517,132,18,0,22,40,3,3,0.255,0.305,58,89,36,80,1,0.42,0.724,0.307,-0.3,-2.9,-0.1,312.4,1177,0.38,-0.48,-0.63,-0.72,-0.32,-0.95,-2.71,-1.44
Jorge Alfaro,Phillies,102,430,401,91,17,2,13,32,2,8,0.226,0.27,42,48,18,140,2,0.374,0.644,0.276,-1,-0.5,0.1,242.9,12180,-0.63,-1.09,-0.75,0.99,-1.85,-2.33,-5.64,-1.47
Freddy Galvis,Padres,133,560,516,130,24,5,12,41,11,3,0.253,0.299,58,55,33,100,4,0.385,0.685,0.293,1.1,0.5,1.2,370.3,6609,-0.74,-0.40,0.35,-0.72,-0.42,-1.19,-3.12,-1.51
Logan Forsythe,Dodgers,108,455,394,97,21,1,12,34,4,7,0.246,0.336,52,49,49,105,3,0.398,0.735,0.32,0.8,-0.5,1.6,404.7,7185,-0.74,-0.94,-0.51,0.65,-0.79,0.27,-2.05,-1.53
DJ LeMahieu,Rockies,153,644,575,177,28,5,9,42,10,4,0.308,0.371,87,61,56,90,6,0.421,0.792,0.343,2.7,-1,2,137.1,9874,-1.07,-0.32,0.23,-0.37,2.47,1.64,2.57,-1.54
Joe Panik,Giants,142,595,530,151,28,5,11,44,4,5,0.284,0.349,72,61,51,58,2,0.417,0.767,0.33,1.3,0,2.6,382.3,11936,-0.85,-0.17,-0.51,-0.03,1.21,0.78,0.43,-1.56
Brandon Phillips,,117,490,462,126,24,1,9,34,9,6,0.273,0.305,56,49,17,62,6,0.388,0.693,0.297,-0.9,-1.8,0.4,445.8,791,-1.07,-0.94,0.10,0.31,0.63,-0.95,-1.92,-1.60
Salvador Perez,Royals,102,429,404,105,21,1,19,41,1,4,0.26,0.294,48,61,16,81,0,0.458,0.752,0.315,4.9,-1.4,2.3,100.1,7304,0.05,-0.40,-0.87,-0.37,-0.06,-1.38,-3.04,-1.60
Eduardo Nunez,Red Sox,93,392,368,107,23,1,9,33,18,3,0.291,0.325,48,48,17,53,7,0.435,0.761,0.325,-0.2,0.6,1.3,135.8,6848,-1.07,-1.01,1.20,-0.72,1.57,-0.16,-0.19,-1.60
Nick Ahmed,Diamondbacks,125,525,482,117,22,4,12,38,9,4,0.243,0.294,54,51,32,102,6,0.377,0.671,0.286,5,-0.3,0.5,611.8,12147,-0.74,-0.63,0.10,-0.37,-0.95,-1.38,-3.97,-1.64
Colby Rasmus,Orioles,108,455,407,94,17,1,22,40,4,2,0.23,0.303,54,64,42,144,1,0.443,0.746,0.315,4.4,1.1,1.3,530,9893,0.38,-0.48,-0.51,-1.06,-1.63,-1.03,-4.32,-1.66
Leonys Martin,Tigers,100,420,386,96,16,3,10,29,19,3,0.248,0.298,48,42,26,99,7,0.384,0.682,0.293,4,1.4,1,392.1,11846,-0.96,-1.32,1.33,-0.72,-0.69,-1.23,-3.59,-1.67
Nick Williams,Phillies,99,415,385,97,19,4,16,39,4,4,0.252,0.296,48,58,21,120,4,0.443,0.739,0.312,-0.1,-0.8,0.3,316.8,14330,-0.29,-0.55,-0.51,-0.37,-0.48,-1.30,-3.50,-1.72
Yolmer Sanchez,White Sox,122,511,468,116,21,5,11,37,9,4,0.248,0.298,53,53,30,110,6,0.385,0.683,0.294,4.7,-0.9,1.1,435,11602,-0.85,-0.71,0.10,-0.37,-0.69,-1.23,-3.74,-1.83
Yadier Molina,Cardinals,130,547,504,138,27,1,12,40,6,4,0.275,0.32,53,66,32,72,3,0.404,0.724,0.31,6.6,-2.7,2.5,152.3,7007,-0.74,-0.48,-0.26,-0.37,0.73,-0.36,-1.48,-1.85
Devon Travis,Blue Jays,100,420,388,107,27,1,13,41,7,3,0.275,0.321,54,50,25,81,3,0.447,0.768,0.327,0.1,0.3,1.7,371,13862,-0.63,-0.40,-0.14,-0.72,0.73,-0.32,-1.47,-1.88
James McCann,Tigers,114,480,439,110,20,2,13,35,2,6,0.25,0.304,47,55,29,115,1,0.396,0.7,0.302,4.6,-1.3,1.9,301.2,12859,-0.63,-0.86,-0.75,0.31,-0.58,-0.99,-3.50,-1.93
Curtis Granderson,Blue Jays,97,406,349,85,19,3,15,37,4,4,0.242,0.339,55,51,49,93,2,0.443,0.782,0.335,-4.6,0.2,0.9,436.8,4747,-0.40,-0.71,-0.51,-0.37,-1.00,0.39,-2.61,-1.99
Jordy Mercer,Pirates,142,595,534,140,26,4,13,43,2,4,0.261,0.326,59,64,49,95,3,0.4,0.725,0.307,-3.6,-0.4,1.2,500.8,6547,-0.63,-0.25,-0.75,-0.37,0.00,-0.13,-2.13,-2.00
Dansby Swanson,Braves,142,595,527,135,29,4,11,44,6,3,0.255,0.333,64,62,60,125,3,0.385,0.717,0.308,-0.1,0.4,1.6,383.9,18314,-0.85,-0.17,-0.26,-0.72,-0.32,0.15,-2.17,-2.00
Josh Reddick,Astros,125,525,474,132,25,3,16,44,7,1,0.278,0.337,66,70,44,75,3,0.449,0.786,0.334,2.3,0.9,2.3,277.6,3892,-0.29,-0.17,-0.14,-1.40,0.89,0.31,-0.80,-2.00
Matt Joyce,Athletics,108,455,386,91,21,1,17,39,3,3,0.236,0.34,58,54,60,102,2,0.427,0.767,0.331,-4.5,-0.1,1,469,3353,-0.18,-0.55,-0.63,-0.72,-1.32,0.42,-2.97,-2.08
Ryan McMahon,Rockies,107,448,406,116,25,3,13,41,8,2,0.285,0.342,53,55,34,101,4,0.457,0.799,0.339,2.5,-0.3,0.5,299.4,15112,-0.63,-0.40,-0.02,-1.06,1.26,0.50,-0.34,-2.10
Cesar Hernandez,Phillies,137,574,504,137,21,6,7,34,15,3,0.271,0.352,71,41,60,106,8,0.378,0.73,0.32,-0.6,0.2,1.6,259.5,10556,-1.30,-0.94,0.84,-0.72,0.52,0.90,-0.70,-2.11
Matt Duffy,Rays,117,490,449,118,20,3,10,33,10,4,0.262,0.314,53,51,31,85,4,0.388,0.701,0.304,1.3,0.2,1.4,444.6,13836,-0.96,-1.01,0.23,-0.37,0.05,-0.60,-2.67,-2.12
Matt Holliday,,100,420,370,88,17,0,16,33,1,5,0.238,0.319,46,57,40,100,0,0.418,0.737,0.318,0,-1.4,-0.1,688.4,1873,-0.29,-1.01,-0.87,-0.03,-1.21,-0.40,-3.82,-2.21
Ben Zobrist,Cubs,130,545,471,122,25,3,13,41,4,3,0.259,0.349,67,60,65,77,3,0.407,0.757,0.328,0.7,-0.9,1.5,464.7,7435,-0.63,-0.40,-0.51,-0.72,-0.11,0.78,-1.58,-2.25
Austin Hedges,Padres,99,416,386,89,18,1,16,35,4,3,0.232,0.275,40,53,21,104,2,0.404,0.679,0.287,5.3,-0.1,1.4,253.7,12976,-0.29,-0.86,-0.51,-0.72,-1.53,-2.13,-6.03,-2.37
Paulo Orlando,Royals,108,455,427,109,21,3,7,31,9,5,0.256,0.291,45,40,18,99,4,0.364,0.655,0.282,2.4,0,0.1,663.8,8628,-1.30,-1.17,0.10,-0.03,-0.27,-1.50,-4.16,-2.39
Lonnie Chisenhall,Indians,100,420,380,98,22,2,12,36,4,4,0.259,0.317,47,55,30,85,2,0.424,0.741,0.315,-0.5,0.5,0.6,384.7,7571,-0.74,-0.78,-0.51,-0.37,-0.11,-0.48,-2.99,-2.40
Wilson Ramos,Rays,114,480,446,116,18,0,20,38,1,2,0.26,0.302,49,68,27,83,0,0.437,0.739,0.312,0.3,-2.1,2.1,158.9,1433,0.16,-0.63,-0.87,-1.06,-0.06,-1.07,-3.53,-2.40
Mallex Smith,Rays,88,371,334,82,12,5,4,21,26,2,0.246,0.309,40,29,29,83,10,0.349,0.658,0.288,2.8,1,0.3,299,13608,-1.63,-1.93,2.18,-1.06,-0.79,-0.79,-4.03,-2.45
Jed Lowrie,Athletics,142,595,529,138,33,2,11,46,1,3,0.261,0.335,69,60,57,95,0,0.396,0.73,0.317,-2.7,-1.2,1.6,413.8,4418,-0.85,-0.02,-0.87,-0.72,0.00,0.23,-2.23,-2.45
Jason Castro,Twins,114,480,422,97,23,1,13,37,2,4,0.23,0.314,53,53,48,136,1,0.384,0.698,0.303,3.3,-0.6,1.9,381.7,8722,-0.63,-0.71,-0.75,-0.37,-1.63,-0.60,-4.69,-2.46
Troy Tulowitzki,Blue Jays,100,420,378,96,18,0,16,34,1,4,0.254,0.32,47,54,34,80,1,0.429,0.748,0.32,1.2,-1.4,1.7,404.2,3531,-0.29,-0.94,-0.87,-0.37,-0.37,-0.36,-3.21,-2.47
Eduardo Escobar,Twins,105,441,404,105,22,4,13,39,3,3,0.26,0.311,50,57,29,85,2,0.429,0.74,0.314,-1.8,0.1,1.3,422.3,6153,-0.63,-0.55,-0.63,-0.72,-0.06,-0.71,-3.29,-2.52
Jonathan Lucroy,Athletics,112,469,417,119,25,3,11,39,2,4,0.285,0.356,53,57,44,63,1,0.438,0.794,0.339,-1,-1.5,2.9,203.9,7870,-0.85,-0.55,-0.75,-0.37,1.26,1.05,-0.22,-2.53
Denard Span,Rays,108,455,411,109,20,3,9,32,11,3,0.265,0.326,56,38,35,60,5,0.397,0.723,0.313,-2.3,0.2,0.4,440.2,8347,-1.07,-1.09,0.35,-0.72,0.21,-0.13,-2.45,-2.53
Wilmer Flores,Mets,90,376,349,94,18,1,17,36,1,3,0.271,0.313,44,55,20,55,1,0.47,0.783,0.329,-1.3,-0.8,1,360.6,5827,-0.18,-0.78,-0.87,-0.72,0.52,-0.64,-2.66,-2.55
J.P. Crawford,Phillies,142,595,515,122,21,5,12,38,7,2,0.238,0.331,65,61,72,114,5,0.369,0.7,0.308,0.6,-0.8,1.5,376.8,15491,-0.74,-0.63,-0.14,-1.06,-1.21,0.07,-3.71,-2.57
Brandon Drury,Yankees,100,420,388,101,24,1,12,37,2,4,0.261,0.309,45,50,24,83,1,0.423,0.732,0.312,-2.5,-0.6,0.8,353.7,11615,-0.74,-0.71,-0.75,-0.37,0.00,-0.79,-3.37,-2.57
Chase Utley,Dodgers,83,348,312,77,17,3,7,27,4,7,0.246,0.316,39,35,26,64,1,0.39,0.706,0.307,0.2,0.3,0.7,999,1679,-1.30,-1.47,-0.51,0.65,-0.79,-0.52,-3.94,-2.63
Joe Mauer,Twins,145,609,532,151,31,2,10,43,2,3,0.284,0.367,73,65,69,97,1,0.405,0.772,0.334,3.3,-1.7,1.6,393.2,1857,-0.96,-0.25,-0.75,-0.72,1.21,1.49,0.02,-2.68
Sean Rodriguez,Pirates,78,328,292,65,13,1,12,26,2,6,0.223,0.296,37,37,25,103,2,0.396,0.692,0.297,-1,-0.5,0.1,640.1,6589,-0.74,-1.55,-0.75,0.31,-2.00,-1.30,-6.04,-2.73
Hanley Ramirez,Red Sox,82,343,304,81,16,0,14,30,3,4,0.265,0.342,42,50,33,70,2,0.46,0.801,0.339,-0.9,-1,0.7,312.3,8001,-0.51,-1.24,-0.63,-0.37,0.21,0.50,-2.05,-2.76
David Freese,Pirates,88,370,323,81,15,0,9,24,0,8,0.25,0.337,38,41,35,92,1,0.379,0.716,0.313,-0.4,-1.7,0.5,635.6,9549,-1.07,-1.70,-0.99,0.99,-0.58,0.31,-3.05,-2.78
Welington Castillo,White Sox,91,384,350,85,14,0,16,30,1,4,0.244,0.303,40,50,27,105,0,0.425,0.728,0.31,0,-1.2,1.6,170.9,3256,-0.29,-1.24,-0.87,-0.37,-0.90,-1.03,-4.71,-2.78
Enrique Hernandez,Dodgers,103,431,383,90,21,2,14,37,4,2,0.235,0.311,50,48,42,101,2,0.408,0.72,0.308,-0.7,0.4,0.9,534.5,10472,-0.51,-0.71,-0.51,-1.06,-1.37,-0.71,-4.87,-2.79
Franchy Cordero,Padres,90,378,352,86,14,6,10,30,9,3,0.243,0.288,41,42,20,119,5,0.403,0.691,0.294,2.1,0.2,0.2,507,14567,-0.96,-1.24,0.10,-0.72,-0.95,-1.62,-5.39,-2.82
Leury Garcia,White Sox,83,350,323,83,13,2,8,23,12,4,0.257,0.301,39,34,17,77,6,0.387,0.688,0.296,1.1,-0.1,0.3,493.8,5913,-1.19,-1.78,0.47,-0.37,-0.21,-1.11,-4.19,-2.87
Nick Markakis,Braves,142,595,527,141,29,1,9,39,1,4,0.267,0.343,61,61,59,94,2,0.377,0.72,0.312,-2.3,-1.3,0.1,435.1,5930,-1.07,-0.55,-0.87,-0.37,0.31,0.54,-2.02,-2.87
Tyler Ladendorf,,133,560,513,112,23,2,5,30,7,5,0.218,0.273,51,42,35,121,4,0.301,0.575,0.254,0.4,-0.3,-1.3,999,3211,-1.52,-1.24,-0.14,-0.03,-2.27,-2.21,-7.41,-2.94
Alcides Escobar,Royals,117,490,460,119,23,3,5,31,9,4,0.258,0.288,50,41,17,74,4,0.354,0.642,0.277,-0.2,0.5,0.3,522.2,6310,-1.52,-1.17,0.10,-0.37,-0.16,-1.62,-4.74,-2.96
Christian Vazquez,Red Sox,107,448,411,107,22,2,7,31,7,4,0.26,0.311,49,44,28,87,3,0.371,0.682,0.296,2.7,-0.5,1.4,299.8,9774,-1.30,-1.17,-0.14,-0.37,-0.06,-0.71,-3.75,-2.98
Dustin Pedroia,Red Sox,133,560,500,143,26,0,11,37,5,2,0.286,0.352,68,60,51,63,3,0.403,0.754,0.327,5.7,-1.9,2.3,407.1,8370,-0.85,-0.71,-0.38,-1.06,1.31,0.90,-0.79,-3.00
Mitch Moreland,Red Sox,83,350,313,80,20,0,13,33,0,4,0.254,0.324,41,49,29,78,1,0.445,0.769,0.326,2.7,-0.8,0.7,413.8,3086,-0.63,-1.01,-0.99,-0.37,-0.37,-0.20,-3.58,-3.01
Travis d'Arnaud,Mets,91,384,350,89,19,1,14,34,1,3,0.255,0.312,41,48,27,65,0,0.431,0.743,0.315,-2.2,-0.5,1.5,284.2,7739,-0.51,-0.94,-0.87,-0.72,-0.32,-0.68,-4.03,-3.04
Dixon Machado,Tigers,125,525,472,119,22,2,5,29,9,4,0.253,0.314,53,42,40,87,4,0.345,0.659,0.29,2.7,-0.4,0.7,555.8,11472,-1.52,-1.32,0.10,-0.37,-0.42,-0.60,-4.13,-3.11
Ben Gamel,Mariners,117,490,448,113,22,4,9,35,7,2,0.253,0.308,54,50,35,109,3,0.385,0.693,0.298,0.1,0.4,0.4,454.9,12160,-1.07,-0.86,-0.14,-1.06,-0.42,-0.83,-4.39,-3.13
Gerardo Parra,Rockies,93,390,364,103,22,2,9,33,5,3,0.284,0.32,46,47,18,67,4,0.431,0.751,0.32,0.9,-1,-0.1,363,8553,-1.07,-1.01,-0.38,-0.72,1.21,-0.36,-2.34,-3.19
Shohei Ohtani,Angels,83,350,313,80,16,1,14,31,4,2,0.256,0.326,46,50,32,106,2,0.451,0.776,0.33,0,0.1,0.7,94.8,19755,-0.51,-1.17,-0.51,-1.06,-0.27,-0.13,-3.64,-3.25
Johan Camargo,Braves,119,499,462,120,26,4,8,38,2,3,0.26,0.299,47,50,25,94,1,0.386,0.686,0.293,2.6,0,0.6,443.4,14950,-1.19,-0.63,-0.75,-0.72,-0.06,-1.19,-4.53,-3.28
Adeiny Hechavarria,Rays,133,560,522,136,20,6,7,33,6,3,0.261,0.3,54,50,28,91,3,0.366,0.666,0.286,2.8,-0.2,1.2,535.8,10459,-1.30,-1.01,-0.26,-0.72,0.00,-1.15,-4.44,-3.29
Hunter Renfroe,Padres,78,329,306,75,16,1,15,32,2,2,0.246,0.291,37,46,18,88,1,0.455,0.746,0.313,0.2,0.2,0.6,319.8,15464,-0.40,-1.09,-0.75,-1.06,-0.79,-1.50,-5.59,-3.30
Joey Wendle,Rays,83,350,328,79,17,3,7,27,6,4,0.24,0.278,35,33,14,76,2,0.368,0.646,0.276,1.6,0,0.2,672.6,13853,-1.30,-1.47,-0.26,-0.37,-1.11,-2.01,-6.53,-3.41
Austin Barnes,Dodgers,83,350,305,78,16,2,7,25,7,4,0.256,0.342,40,40,37,59,2,0.394,0.736,0.321,-0.4,0,1.7,209.7,12158,-1.30,-1.63,-0.14,-0.37,-0.27,0.50,-3.20,-3.44
Chris Iannetta,Rockies,76,320,274,68,15,0,12,27,1,4,0.247,0.347,35,40,39,80,0,0.438,0.785,0.34,-2.2,-0.9,1,261.9,8267,-0.74,-1.47,-0.87,-0.37,-0.74,0.70,-3.50,-3.46
Jesse Winker,Reds,100,419,364,99,19,0,10,29,4,3,0.271,0.356,50,42,46,71,3,0.412,0.768,0.332,-0.1,-0.4,1,318.8,13590,-0.96,-1.32,-0.51,-0.72,0.52,1.05,-1.93,-3.51
Martin Prado,Marlins,117,490,451,123,23,2,8,33,2,3,0.272,0.321,50,49,31,64,1,0.385,0.706,0.305,2.5,-1.4,1,562.2,3312,-1.19,-1.01,-0.75,-0.72,0.57,-0.32,-3.41,-3.67
Matt Wieters,Nationals,99,416,377,94,19,1,12,32,1,2,0.249,0.309,41,51,32,83,0,0.396,0.705,0.302,-0.5,-0.8,1.1,327.8,4298,-0.74,-1.09,-0.87,-1.06,-0.64,-0.79,-5.19,-3.76
Daniel Robertson,Rays,83,350,307,72,13,2,6,21,2,6,0.235,0.317,35,31,33,84,2,0.352,0.669,0.295,1,-0.4,0.7,675.5,14145,-1.41,-1.93,-0.75,0.31,-1.37,-0.48,-5.64,-3.78
Francisco Cervelli,Pirates,91,384,332,86,15,2,5,22,2,6,0.259,0.351,38,36,42,78,2,0.362,0.712,0.317,-2.7,-0.9,1.3,424.1,5275,-1.52,-1.86,-0.75,0.31,-0.11,0.86,-3.07,-3.82
Colin Moran,Pirates,103,434,396,103,18,2,11,31,2,2,0.259,0.315,46,50,31,94,2,0.4,0.715,0.307,0.6,-0.8,0.8,389.6,16909,-0.85,-1.17,-0.75,-1.06,-0.11,-0.56,-4.49,-3.83
Austin Jackson,Giants,98,413,372,98,21,3,6,30,7,2,0.264,0.325,45,38,33,88,3,0.385,0.71,0.308,-4,0.2,0.5,536.6,9848,-1.41,-1.24,-0.14,-1.06,0.15,-0.16,-3.86,-3.85
Manny Pina,Brewers,76,320,293,73,16,1,8,25,2,4,0.249,0.302,33,36,20,64,1,0.387,0.689,0.297,2.6,-0.4,0.9,349.1,2829,-1.19,-1.63,-0.75,-0.37,-0.64,-1.07,-5.64,-3.94
Melky Cabrera,,100,420,388,112,23,2,9,34,1,2,0.288,0.331,47,52,25,48,1,0.429,0.76,0.325,-5.4,-1.3,0.2,366.3,4022,-1.07,-0.94,-0.87,-1.06,1.42,0.07,-2.45,-3.94
Cheslor Cuthbert,Royals,97,406,372,95,20,2,11,33,2,1,0.255,0.307,42,44,28,79,1,0.402,0.709,0.305,-0.7,-0.6,0,579.4,10473,-0.85,-1.01,-0.75,-1.40,-0.32,-0.87,-5.21,-4.02
Alex Avila,Diamondbacks,90,376,311,70,14,1,12,27,1,2,0.226,0.352,40,41,60,125,1,0.388,0.741,0.327,0.6,-1.7,1.3,326.6,7476,-0.74,-1.47,-0.87,-1.06,-1.85,0.90,-5.09,-4.14
Boog Powell,Athletics,88,371,330,88,13,2,6,21,9,2,0.265,0.334,43,33,33,65,7,0.374,0.708,0.31,0.3,-1.1,1,591.7,15103,-1.41,-1.93,0.10,-1.06,0.21,0.19,-3.90,-4.30
J.T. Riddle,Marlins,117,490,456,115,19,2,7,28,3,2,0.252,0.29,43,46,24,92,3,0.349,0.639,0.275,0.9,-0.5,0.1,676.4,17642,-1.30,-1.40,-0.63,-1.06,-0.48,-1.54,-6.40,-4.38
Adam Frazier,Pirates,78,329,296,83,15,3,3,21,8,3,0.28,0.342,38,29,26,44,5,0.386,0.728,0.317,0.6,0.1,0.8,417.8,15223,-1.75,-1.93,-0.02,-0.72,1.00,0.50,-2.92,-4.42
Jose Martinez,Cardinals,81,341,307,86,16,1,9,26,4,1,0.281,0.343,40,42,29,62,2,0.435,0.778,0.333,-1.4,0.1,0.8,251.3,7996,-1.07,-1.55,-0.51,-1.40,1.05,0.54,-2.94,-4.53
Roberto Perez,Indians,76,320,275,60,14,1,9,24,1,2,0.218,0.31,34,38,36,87,1,0.377,0.687,0.3,3,-0.8,1.2,564.8,2900,-1.07,-1.70,-0.87,-1.06,-2.27,-0.75,-7.73,-4.71
Yunel Escobar,,83,350,318,86,15,1,6,22,2,3,0.272,0.33,38,29,26,47,2,0.378,0.708,0.309,-4.9,-1.9,0.1,673.1,4191,-1.41,-1.86,-0.75,-0.72,0.57,0.03,-4.13,-4.73
Caleb Joseph,Orioles,76,320,296,68,13,1,9,23,1,2,0.23,0.277,32,34,17,78,1,0.374,0.651,0.28,3.5,-0.4,0.8,473.1,7087,-1.07,-1.78,-0.87,-1.06,-1.63,-2.05,-8.47,-4.79
Luis Urias,,73,308,272,70,12,2,3,17,4,4,0.257,0.334,31,24,28,43,4,0.348,0.682,0.301,0.1,-0.9,0.6,593.5,sa828496,-1.75,-2.24,-0.51,-0.37,-0.21,0.19,-4.89,-4.87
Tucker Barnhart,Reds,84,352,311,80,17,1,6,24,2,2,0.258,0.332,30,36,34,59,1,0.382,0.714,0.304,6.3,-0.9,1.6,322.5,10200,-1.41,-1.70,-0.75,-1.06,-0.16,0.11,-4.97,-4.92
Braxton Lee,,77,322,290,70,10,2,2,14,9,2,0.241,0.304,28,22,25,63,7,0.305,0.608,0.27,2.6,-1,-0.6,659.7,sa829053,-1.86,-2.47,0.10,-1.06,-1.06,-0.99,-7.33,-5.28
Miguel Rojas,Marlins,75,313,283,74,15,2,2,19,3,3,0.263,0.318,30,26,21,36,2,0.35,0.668,0.289,0.8,-0.5,0.3,689.6,7802,-1.86,-2.09,-0.63,-0.72,0.10,-0.44,-5.63,-5.29