Name,Team,W,L,SV,HLD,SV+HLD,SO,K/9,WHIP,ERA,GS,G,IP,H,ER,HR,BB,BB/9,FIP,WAR,playerid,zPR,ADP,zSPSV,zSV+Hold calc,zSV+Hold,zRPK,zRPK calc,zSPK,zSPK calc,zK/9,zWHIP,zERA,zPR,zRPPR,zSPPR
Craig Kimbrel,Red Sox,4,2,33,4,37,105,14.49,1.02,2.5,0,65,65,41,18,6,26,3.54,2.49,2.3,6655,13.590,45.2,0.000,1.908,1.956,2.618,-0.011,,,3.564,2.729,2.722,13.590,#NAME?,
Kenley Jansen,Dodgers,4,2,31,7,38,93,12.85,0.95,2.51,0,65,65,46,18,7,16,2.18,2.46,2.3,3096,12.627,36.4,0.000,1.988,2.049,1.939,-0.231,,,2.568,3.366,2.705,12.627,,
Aroldis Chapman,Yankees,5,2,34,3,37,99,13.64,1.1,2.64,0,65,65,44,19,6,28,3.86,2.72,2.2,10233,11.766,63.2,0.000,1.908,1.956,2.278,-0.121,,,3.048,2.000,2.484,11.766,,
Andrew Miller,Indians,5,2,3,18,21,94,13.03,1.03,2.41,0,65,65,47,17,6,20,2.79,2.63,2.1,6785,10.660,204.4,0.000,0.629,0.475,1.995,-0.212,,,2.677,2.638,2.876,10.660,,
Corey Knebel,Brewers,3,2,31,4,35,98,13.51,1.18,3.05,0,65,65,46,22,7,30,4.21,3.08,1.8,15010,10.017,67.3,0.000,1.748,1.771,2.222,-0.139,,,2.969,1.271,1.784,10.017,,
Ken Giles,Astros,3,2,31,3,34,89,12.39,1.13,3.03,0,65,65,50,22,6,23,3.25,2.86,1.9,12910,9.223,93.2,0.000,1.668,1.679,1.712,-0.304,,,2.288,1.727,1.818,9.223,,
Sean Doolittle,Nationals,3,2,33,5,38,83,11.44,1.06,3.31,0,65,65,53,24,9,16,2.2,3.21,1.5,1581,8.836,119.6,0.000,1.988,2.049,1.372,-0.414,,,1.711,2.364,1.340,8.836,,
Clayton Kershaw,Dodgers,16,7,0,0,0,224,10.51,0.97,2.6,29,29,192,153,56,19,32,1.51,2.69,6.2,2036,6.387,7.4,0.000,,,,,1.921,0.045,1.145,3.184,2.552,8.802,,
Brad Hand,Padres,4,3,35,5,40,93,11.21,1.16,3.18,0,75,75,60,26,8,26,3.14,3.19,1.7,9111,8.759,104.2,0.000,2.148,2.234,1.939,-0.231,,,1.571,1.454,1.562,8.759,,
Edwin Diaz,Mariners,5,3,34,3,37,86,11.88,1.14,3.23,0,65,65,50,23,7,24,3.35,3.24,1.5,14710,8.589,88.8,0.000,1.908,1.956,1.542,-0.359,,,1.978,1.636,1.476,8.589,,
Dellin Betances,Yankees,5,3,1,17,18,97,13.49,1.21,2.96,0,65,65,44,21,6,35,4.82,3.12,1.2,6216,8.254,280.8,0.000,0.389,0.197,2.165,-0.157,,,2.957,0.998,1.937,8.254,,
Roberto Osuna,Blue Jays,4,2,33,3,36,76,10.49,1.05,3.1,0,65,65,54,22,8,15,2.06,3.17,1.6,13764,8.126,76.2,0.000,1.828,1.864,0.976,-0.542,,,1.133,2.455,1.698,8.126,,
Felipe Rivero,Pirates,4,3,31,5,36,80,11.05,1.15,2.91,0,65,65,52,21,5,23,3.17,2.93,1.8,12076,8.107,86.2,0.000,1.828,1.864,1.202,-0.469,,,1.474,1.545,2.023,8.107,,
Corey Kluber,Indians,17,8,0,0,0,249,10.23,1.07,3.04,32,32,219,185,74,22,50,2.03,2.99,6.5,2429,8.099,13.4,0.000,,,,,3.050,-0.035,0.975,2.273,1.801,8.099,,
Chris Sale,Red Sox,16,7,0,0,0,230,10.48,1.04,3.04,29,29,197,164,67,22,40,1.83,3.1,5.3,10603,7.644,12,0.000,,,,,2.170,4.475,1.127,2.546,1.801,7.644,,
Max Scherzer,Nationals,16,8,0,0,0,263,11.39,1.07,3.21,32,32,208,167,74,26,56,2.42,3.18,5.4,3137,5.580,10,0.000,,,,,2.102,3.968,1.680,2.273,1.511,7.566,,
David Robertson,Yankees,6,3,4,16,20,86,11.93,1.14,3.19,0,65,65,50,23,7,24,3.33,3.22,1.6,8241,7.113,306.5,0.000,0.549,0.382,1.542,-0.359,,,2.008,1.636,1.545,7.113,,
Chad Green,Yankees,4,2,0,16,16,85,11.76,1.1,3.1,0,65,65,51,22,8,20,2.8,3.12,0.9,15552,7.100,303.7,0.000,0.229,0.012,1.485,-0.377,,,1.905,2.000,1.698,7.100,,
Cody Allen,Indians,5,3,32,3,35,79,10.97,1.17,3.3,0,65,65,52,24,7,24,3.3,3.35,1.4,12183,7.061,89.7,0.000,1.748,1.771,1.145,-0.487,,,1.425,1.363,1.357,7.061,,
Wade Davis,Rockies,4,3,35,1,36,81,11.17,1.24,3.41,0,65,65,53,25,7,27,3.8,3.42,1.5,7441,6.563,110.6,0.000,1.828,1.864,1.259,-0.450,,,1.547,0.725,1.169,6.563,,
Stephen Strasburg,Nationals,14,8,0,0,0,216,10.46,1.13,3.31,31,31,186,162,68,21,48,2.32,3.17,4.8,10131,6.193,25.2,0.000,,,,,2.012,-0.008,1.115,1.727,1.340,6.193,,
Blake Parker,Angels,3,3,14,11,25,79,10.9,1.16,3.33,0,65,65,53,24,7,23,3.12,3.37,1.2,5224,6.132,237.1,0.000,0.949,0.845,1.145,-0.487,,,1.382,1.454,1.306,6.132,,
Yu Darvish,Cubs,13,8,0,0,0,207,10.69,1.16,3.44,29,29,174,147,67,21,55,2.86,3.39,4.2,13074,6.131,47.6,0.000,,,,,2.305,-0.062,1.255,1.454,1.118,6.131,,
Luis Severino,Yankees,13,8,0,0,0,213,10.27,1.15,3.35,31,31,187,162,70,22,52,2.51,3.37,4.9,15890,5.805,31.9,0.000,,,,,1.989,3.354,1.000,1.545,1.272,5.805,,
Chris Devenski,Astros,5,4,1,19,20,86,10.38,1.13,3.47,0,75,75,63,29,10,22,2.69,3.53,0.9,12763,5.784,294.9,0.000,0.549,0.382,1.542,-0.359,,,1.066,1.727,1.067,5.784,,
Raisel Iglesias,Reds,4,2,32,3,35,72,9.93,1.21,3.34,0,65,65,56,24,7,22,3.08,3.43,1.4,17130,5.600,97.7,0.000,1.748,1.771,0.749,-0.615,,,0.793,0.998,1.289,5.600,,
A.J. Minter,Braves,3,2,4,14,18,73,11.94,1.2,3.3,0,55,55,44,20,6,22,3.67,3.2,1,18655,5.463,365.7,0.000,0.389,0.197,0.806,-0.597,,,2.015,1.089,1.357,5.463,,
Archie Bradley,Diamondbacks,4,2,15,12,27,81,10.39,1.23,3.38,0,70,70,60,26,7,26,3.39,3.29,1.5,12918,5.398,186.3,0.000,1.108,1.030,1.259,-0.450,,,1.072,0.816,1.220,5.398,,
Kirby Yates,Padres,4,3,4,13,17,80,12.07,1.2,3.57,0,60,60,48,24,8,24,3.54,3.62,0.8,9073,5.385,458.6,0.000,0.309,0.104,1.202,-0.469,,,2.094,1.089,0.896,5.385,,
Carl Edwards Jr.,Cubs,4,3,1,15,16,78,12.84,1.29,3.27,0,55,55,38,20,5,33,5.35,3.37,0.8,13607,5.340,339.3,0.000,0.229,0.012,1.089,-0.505,,,2.562,0.270,1.408,5.340,,
Brandon Morrow,Cubs,6,3,32,7,39,68,9.39,1.22,3.36,0,65,65,58,24,6,21,2.94,3.41,1.3,9346,5.290,158.8,0.000,2.068,2.142,0.522,-0.688,,,0.465,0.907,1.255,5.290,,
Justin Verlander,Astros,14,9,0,0,0,228,9.88,1.16,3.65,32,32,208,177,84,27,64,2.76,3.65,4.3,8700,5.077,40,0.000,,,,,2.282,-0.355,0.763,1.454,0.760,5.258,,
Chris Archer,Rays,13,10,0,0,0,229,10.37,1.17,3.38,32,32,198,172,74,22,61,2.76,3.3,4.8,6345,6.377,54.3,0.000,,,,,1.560,3.914,1.060,1.363,1.220,5.203,,
Josh Hader,Brewers,3,3,4,15,19,90,12.43,1.3,3.76,0,65,65,51,27,9,34,4.72,3.96,0.8,14212,5.121,302.1,0.000,0.469,0.289,1.769,-0.286,,,2.312,0.179,0.572,5.121,,
Noah Syndergaard,Mets,13,8,0,0,0,217,10.79,1.08,2.98,31,31,181,152,60,16,43,2.16,2.73,5.8,11762,5.020,28.4,0.000,,,,,-0.381,0.232,1.316,2.182,1.903,5.020,,
Ryan Madson,Nationals,6,3,3,19,22,69,9.51,1.15,3.11,0,65,65,57,22,6,18,2.46,3.1,1.5,1852,4.910,394.9,0.000,0.709,0.567,0.579,-0.670,,,0.538,1.545,1.681,4.910,,
Tommy Kahnle,Yankees,3,2,1,17,18,72,11.79,1.24,3.34,0,55,55,43,20,6,25,4.09,3.3,1.1,11384,4.883,454.8,0.000,0.389,0.197,0.749,-0.615,,,1.923,0.725,1.289,4.883,,
Zack Greinke,Diamondbacks,15,10,0,0,0,197,8.69,1.18,3.61,32,32,204,191,82,25,49,2.18,3.61,4.4,1943,3.811,49,0.000,,,,,2.734,-0.249,0.039,1.271,0.828,4.872,,
Arodys Vizcaino,Braves,4,3,30,4,34,75,10.42,1.3,3.62,0,65,65,56,26,7,29,3.96,3.63,1,5498,4.677,149.9,0.000,1.668,1.679,0.919,-0.560,,,1.091,0.179,0.811,4.677,,
Wilmer Font,Dodgers,6,5,0,6,6,104,10.19,1.17,3.71,10,45,91,81,38,13,26,2.58,3.74,1.1,5257,4.618,647.3,0.000,-0.571,-0.915,2.562,-0.029,,,0.951,1.363,0.657,4.618,,
Mark Melancon,Giants,3,2,27,6,33,55,8.29,1.15,3.04,0,60,60,55,20,4,14,2.05,3.03,1.4,4264,4.513,179.8,0.000,1.588,1.586,-0.214,-0.926,,,-0.204,1.545,1.801,4.513,,
Darren O'Day,Orioles,4,3,10,8,18,77,10.73,1.2,3.59,0,65,65,54,26,8,24,3.29,3.75,1,3321,4.459,537.5,0.000,0.389,0.197,1.032,-0.524,,,1.279,1.089,0.862,4.459,,
Anthony Swarzak,Mets,4,3,10,11,21,71,9.85,1.18,3.37,0,65,65,57,24,7,20,2.73,3.36,1.2,7466,4.420,480.9,0.000,0.629,0.475,0.692,-0.633,,,0.744,1.271,1.237,4.420,,
Keone Kela,Rangers,4,2,6,6,12,59,11.88,1.19,3.2,0,45,45,35,16,5,18,3.69,3.17,0.6,14696,4.340,332.1,0.000,-0.091,-0.359,0.013,-0.853,,,1.978,1.180,1.528,4.340,,
Drew Steckenrider,Marlins,2,2,2,15,17,69,11.26,1.27,3.23,0,55,55,44,20,5,26,4.21,3.32,0.9,18806,4.213,358.8,0.000,0.309,0.104,0.579,-0.670,,,1.601,0.452,1.476,4.213,,
Luke Gregerson,Cardinals,4,2,23,7,30,63,9.46,1.21,3.46,0,60,60,54,23,7,19,2.81,3.51,1,4090,4.137,300.2,0.000,1.348,1.308,0.239,-0.780,,,0.507,0.998,1.084,4.137,,
Jeurys Familia,Mets,3,3,23,11,34,67,9.33,1.3,3.29,0,65,65,57,24,5,28,3.87,3.36,1.3,5114,4.125,169.1,0.000,1.668,1.679,0.466,-0.707,,,0.428,0.179,1.374,4.125,,
Rich Hill,Dodgers,12,8,0,0,0,162,10.36,1.2,3.56,24,24,141,117,56,17,53,3.4,3.77,2.6,4806,4.120,127.5,0.000,,,,,1.064,-0.382,1.054,1.089,0.913,4.120,,
Cam Bedrosian,Angels,6,5,20,11,31,72,9.95,1.28,3.7,0,65,65,58,27,8,25,3.53,3.7,0.9,13360,3.990,293.9,0.000,1.428,1.401,0.749,-0.615,,,0.805,0.361,0.674,3.990,,
Hector Neris,Phillies,3,3,31,3,34,74,10.23,1.28,4.06,0,65,65,58,29,10,25,3.51,4.21,0.6,11804,3.936,140.3,0.000,1.668,1.679,0.862,-0.579,,,0.975,0.361,0.060,3.936,,
Carlos Martinez,Cardinals,14,10,0,0,0,206,9.09,1.27,3.55,32,32,204,188,80,21,71,3.13,3.63,4.2,11682,3.224,52.4,0.000,,,,,2.260,-0.195,0.282,0.452,0.930,3.924,,
Mychal Givens,Orioles,4,3,3,15,18,76,10.49,1.24,3.58,0,65,65,54,26,7,26,3.64,3.71,0.9,10430,3.910,379.6,0.000,0.389,0.197,0.976,-0.542,,,1.133,0.725,0.879,3.910,,
Jose Quintana,Cubs,15,8,0,0,0,202,9.1,1.18,3.35,32,32,200,180,74,20,56,2.52,3.38,4.8,11423,5.091,67.6,0.000,,,,,1.041,-0.142,0.288,1.271,1.272,3.873,,
Hector Rondon,Astros,4,2,6,12,18,67,10.04,1.17,3.52,0,60,60,53,23,7,17,2.54,3.47,1.1,2391,3.866,601.1,0.000,0.389,0.197,0.466,-0.707,,,0.860,1.363,0.981,3.866,,
Pedro Strop,Cubs,4,3,2,17,19,64,10.49,1.23,3.33,0,55,55,44,20,5,23,3.81,3.48,0.8,4070,3.840,594.4,0.000,0.469,0.289,0.296,-0.762,,,1.133,0.816,1.306,3.840,,
James Paxton,Mariners,12,8,0,0,0,180,9.37,1.19,3.38,29,29,172,157,65,18,49,2.57,3.32,4.2,11828,4.775,74.2,0.000,,,,,0.906,-0.462,0.453,1.180,1.220,3.759,,
Brad Brach,Orioles,5,3,21,6,27,71,9.86,1.26,3.68,0,65,65,56,27,8,26,3.59,3.7,1.2,6627,3.724,206.4,0.000,1.108,1.030,0.692,-0.633,,,0.750,0.543,0.708,3.724,,
Nate Jones,White Sox,3,3,2,11,13,66,10.76,1.18,3.54,0,55,55,47,22,7,18,2.96,3.63,0.6,4696,3.659,330,0.000,-0.011,-0.266,0.409,-0.725,,,1.297,1.271,0.947,3.659,,
Dominic Leone,Cardinals,3,2,4,19,23,72,10.02,1.27,3.56,0,65,65,57,26,7,26,3.54,3.6,1,13763,3.621,343.7,0.000,0.789,0.660,0.749,-0.615,,,0.848,0.452,0.913,3.621,,
Michael Feliz,Pirates,3,3,1,17,18,69,11.26,1.27,3.66,0,55,55,47,22,6,22,3.66,3.5,0.8,11903,3.571,648.2,0.000,0.389,0.197,0.579,-0.670,,,1.601,0.452,0.742,3.571,,
Tyler Lyons,Cardinals,3,3,7,16,23,64,9.64,1.19,3.68,0,60,60,54,25,8,17,2.56,3.78,0.6,11334,3.461,416.5,0.000,0.789,0.660,0.296,-0.762,,,0.617,1.180,0.708,3.461,,
Alex Colome,Rays,3,3,30,6,36,62,8.56,1.25,3.62,0,65,65,61,26,7,21,2.86,3.79,0.8,6661,3.451,128.2,0.000,1.828,1.864,0.182,-0.798,,,-0.040,0.634,0.811,3.451,,
Jacob deGrom,Mets,14,10,0,0,0,221,9.73,1.16,3.41,32,32,204,181,77,23,56,2.45,3.35,4.9,10954,5.577,34.5,0.000,,,,,0.116,-0.515,0.671,1.454,1.169,3.410,,
Justin Wilson,Cubs,3,2,0,9,9,53,11.91,1.24,3.13,0,40,40,30,14,3,20,4.41,3.18,0.4,4301,3.404,602.5,0.000,-0.331,-0.637,-0.327,-0.963,,,1.996,0.725,1.647,3.404,,
Robbie Ray,Diamondbacks,12,8,0,0,0,213,11.63,1.25,3.58,29,29,165,137,66,20,69,3.77,3.49,3.8,11486,5.125,47.1,0.000,,,,,0.048,-0.756,1.826,0.634,0.879,3.387,,
Pat Neshek,Phillies,4,3,2,16,18,58,9.57,1.11,3.7,0,55,55,49,23,8,11,1.88,3.68,0.8,4682,3.310,490.3,0.000,0.389,0.197,-0.044,-0.871,,,0.574,1.909,0.674,3.310,,
Jerry Blevins,Mets,3,3,1,14,15,66,10.86,1.27,3.47,0,55,55,46,21,6,24,3.91,3.54,0.6,7841,3.205,675.5,0.000,0.149,-0.081,0.409,-0.725,,,1.358,0.452,1.067,3.205,,
Jon Lester,Cubs,14,9,0,0,0,189,8.77,1.23,3.73,32,32,194,181,80,24,57,2.66,3.81,3.7,4930,3.290,116.3,0.000,,,,,1.673,-0.409,0.088,0.816,0.623,3.200,,
Kyle Barraclough,Marlins,4,3,6,15,21,79,10.95,1.41,3.52,0,65,65,51,25,5,40,5.56,3.68,0.8,13713,3.191,331.5,0.000,0.629,0.475,1.145,-0.487,,,1.413,-0.823,0.981,3.191,,
Joakim Soria,White Sox,4,3,6,12,18,71,9.87,1.26,3.57,0,65,65,58,26,7,24,3.32,3.57,1.1,6941,3.084,322.9,0.000,0.389,0.197,0.692,-0.633,,,0.756,0.543,0.896,3.084,,
Masahiro Tanaka,Yankees,13,9,0,0,0,174,8.77,1.16,3.82,29,29,178,169,76,27,37,1.89,3.88,3.6,15764,3.074,97,0.000,,,,,1.064,-0.275,0.088,1.454,0.469,3.074,,
Kelvin Herrera,Royals,4,3,28,5,33,66,9.17,1.29,3.84,0,65,65,61,28,7,23,3.12,3.75,0.9,6033,3.031,192,0.000,1.588,1.586,0.409,-0.725,,,0.331,0.270,0.435,3.031,,
Aaron Nola,Phillies,12,10,0,0,0,182,9.25,1.19,3.58,29,29,177,165,70,20,46,2.32,3.46,4.3,16149,3.615,60.6,0.000,,,,,0.544,-0.409,0.380,1.180,0.879,2.983,,
Carlos Carrasco,Indians,13,7,0,0,0,182,9.72,1.12,3.35,28,28,169,149,63,21,40,2.12,3.41,4.1,6632,2.968,35.3,0.000,,,,,-0.787,2.687,0.665,1.818,1.272,2.968,,
Jake Arrieta,Phillies,13,10,0,0,0,173,8.7,1.26,3.9,31,31,179,166,78,23,60,3.03,4.01,3.2,4153,2.842,103.2,0.000,,,,,1.921,2.687,0.045,0.543,0.333,2.842,,
Brad Peacock,Astros,6,5,0,8,8,106,9.89,1.31,4.09,10,50,96,86,44,13,41,3.81,4.08,1,5401,2.810,266.8,0.000,-0.411,-0.729,2.675,0.007,,,0.769,0.087,0.008,2.810,,
Will Harris,Astros,3,2,1,16,17,58,9.56,1.19,3.52,0,55,55,49,22,6,16,2.6,3.51,0.8,3192,2.790,548.2,0.000,0.309,0.104,-0.044,-0.871,,,0.568,1.180,0.981,2.790,,
David Price,Red Sox,13,8,0,0,0,175,9.01,1.19,3.67,29,29,175,166,71,22,42,2.16,3.63,3.6,3184,3.361,102.6,0.000,,,,,0.612,-0.622,0.234,1.180,0.725,2.752,,
Brad Boxberger,Diamondbacks,5,4,19,10,29,76,11.39,1.39,4.38,0,60,60,52,29,10,31,4.7,4.54,0.1,10133,2.744,302,0.000,1.268,1.215,0.976,-0.542,,,1.680,-0.641,-0.487,2.744,,
Gerrit Cole,Astros,12,9,0,0,0,168,8.55,1.24,3.99,29,29,177,172,78,23,48,2.43,3.89,3.2,13125,1.944,76.8,0.000,,,,,1.786,-0.142,-0.046,0.725,0.179,2.644,,
Madison Bumgarner,Giants,9,7,0,0,0,133,8.86,1.15,3.6,21,21,136,125,54,18,30,2.01,3.74,2.3,5524,3.144,45,0.000,,,,,0.093,2.313,0.143,1.545,0.845,2.625,,
Liam Hendriks,Athletics,3,2,1,13,14,63,10.23,1.22,3.7,0,55,55,48,23,6,19,3.08,3.38,0.7,3548,2.622,669,0.000,0.069,-0.174,0.239,-0.780,,,0.975,0.907,0.674,2.622,,
Tommy Hunter,Phillies,4,3,5,16,21,63,8.67,1.2,3.65,0,65,65,60,26,8,17,2.42,3.64,1.1,1157,2.590,571,0.000,0.629,0.475,0.239,-0.780,,,0.027,1.089,0.760,2.590,,
Brett Cecil,Cardinals,3,2,2,13,15,57,9.38,1.21,3.39,0,55,55,50,21,5,16,2.68,3.3,0.8,2660,2.478,635.3,0.000,0.149,-0.081,-0.101,-0.890,,,0.459,0.998,1.203,2.478,,
Shane Greene,Tigers,4,3,25,6,31,66,9.19,1.33,3.85,0,65,65,60,28,7,27,3.67,3.94,0.8,10756,2.476,220.3,0.000,1.428,1.401,0.409,-0.725,,,0.343,-0.095,0.418,2.476,,
Dallas Keuchel,Astros,16,10,0,0,0,174,7.65,1.24,3.55,32,32,205,194,81,19,61,2.68,3.64,4.3,9434,2.442,75,0.000,,,,,1.380,-0.409,-0.593,0.725,0.930,2.442,,
Blake Treinen,Athletics,3,3,32,2,34,61,8.49,1.33,3.64,0,65,65,61,26,5,25,3.51,3.57,1.1,12572,2.404,170.7,0.000,1.668,1.679,0.126,-0.817,,,-0.082,-0.095,0.777,2.404,,
Jameson Taillon,Pirates,11,10,0,0,0,174,8.24,1.28,3.8,32,32,190,191,80,20,52,2.47,3.62,3.8,11674,2.190,180.6,0.000,,,,,1.763,-0.542,-0.234,0.361,0.503,2.393,,
Greg Holland,Cardinals,5,3,10,0,10,77,10.64,1.32,3.7,0,65,65,54,27,7,31,4.35,3.61,1.1,7196,2.383,196.4,0.000,-0.251,-0.544,1.032,-0.524,,,1.224,-0.004,0.674,2.383,,
Walker Buehler,Dodgers,3,2,0,1,1,71,11.25,1.26,3.55,8,18,57,47,22,7,24,3.86,3.59,1,19374,2.383,340,0.000,-0.970,-1.378,0.692,-0.633,,,1.595,0.543,0.930,2.383,,
Steve Cishek,Cubs,5,3,4,16,20,67,9.29,1.29,3.63,0,65,65,58,26,7,26,3.61,3.8,0.8,6483,2.315,505.6,0.000,0.549,0.382,0.466,-0.707,,,0.404,0.270,0.794,2.315,,
Juan Nicasio,Mariners,4,3,4,14,18,70,9.63,1.28,3.87,0,65,65,60,28,8,23,3.25,3.81,0.8,7731,2.188,437.1,0.000,0.389,0.197,0.636,-0.652,,,0.611,0.361,0.384,2.188,,
Lance McCullers Jr.,Astros,9,6,0,0,0,151,9.82,1.29,3.52,24,24,139,126,54,13,53,3.46,3.47,3.2,14120,2.747,134.3,0.000,,,,,0.206,-0.302,0.726,0.270,0.981,2.183,,
AJ Ramos,Mets,3,2,5,15,20,65,10.66,1.37,3.72,0,55,55,45,23,6,30,4.94,3.91,0.5,8350,2.152,354.8,0.000,0.549,0.382,0.352,-0.743,,,1.237,-0.459,0.640,2.152,,
Blake Snell,Rays,10,9,0,0,0,176,9.49,1.34,3.75,29,29,167,148,70,18,76,4.08,3.88,2.9,13543,1.970,196.2,0.000,,,,,1.222,-0.435,0.525,-0.186,0.589,2.150,,
Shohei Ohtani,Angels,10,7,0,0,0,175,10.64,1.24,3.52,24,24,148,123,58,17,60,3.63,3.59,3.1,19755,2.144,94.8,0.000,,,,,-0.787,2.527,1.224,0.725,0.981,2.144,,
David Hernandez,Reds,3,3,6,13,19,69,9.58,1.27,3.96,0,65,65,61,29,9,22,3.04,3.95,0.7,4259,2.131,665.6,0.000,0.469,0.289,0.579,-0.670,,,0.580,0.452,0.230,2.131,,
Josh Fields,Dodgers,2,2,0,9,9,45,10.22,1.17,3.43,0,40,40,34,15,5,13,2.83,3.37,0.3,5070,2.050,662.7,0.000,-0.331,-0.637,-0.780,-1.109,,,0.969,1.363,1.135,2.050,,
Tony Watson,Giants,4,4,4,19,23,58,8.02,1.24,3.5,0,65,65,61,25,7,20,2.8,3.79,0.6,3132,1.988,546.6,0.000,0.789,0.660,-0.044,-0.871,,,-0.368,0.725,1.016,1.988,,
Johnny Cueto,Giants,11,10,0,0,0,156,7.78,1.24,3.77,29,29,180,173,75,21,50,2.52,3.94,2.6,6893,1.784,152.6,0.000,,,,,1.176,-0.622,-0.514,0.725,0.555,1.942,,
Yusmeiro Petit,Athletics,3,3,2,18,20,65,9.02,1.21,4.14,0,65,65,63,30,10,16,2.21,4.02,0.5,4020,1.896,476.2,0.000,0.549,0.382,0.352,-0.743,,,0.240,0.998,-0.077,1.896,,
Zach McAllister,Indians,3,2,2,13,15,59,9.61,1.27,3.58,0,55,55,50,22,6,20,3.23,3.73,0.6,2895,1.861,683.5,0.000,0.149,-0.081,0.013,-0.853,,,0.598,0.452,0.879,1.861,,
Joe Kelly,Red Sox,3,2,2,16,18,57,9.33,1.3,3.47,0,55,55,49,21,5,23,3.69,3.55,0.7,9761,1.770,650.8,0.000,0.389,0.197,-0.101,-0.890,,,0.428,0.179,1.067,1.770,,
Addison Reed,Twins,3,2,7,12,19,63,8.76,1.23,3.91,0,65,65,63,28,9,16,2.28,3.89,0.8,10586,1.742,274.9,0.000,0.469,0.289,0.239,-0.780,,,0.082,0.816,0.316,1.742,,
Jeff Samardzija,Giants,11,10,0,0,0,159,8.22,1.18,3.81,28,28,174,168,74,22,37,1.89,3.69,3,3254,2.733,154.3,0.000,,,,,0.206,-0.489,-0.246,1.271,0.486,1.717,,
Danny Salazar,Indians,10,6,0,0,0,155,10.98,1.22,3.64,21,26,127,107,51,16,49,3.47,3.63,2.6,5867,1.673,214.7,0.000,,,,,-1.442,2.073,1.431,0.907,0.777,1.673,,
Matt Bush,Rangers,4,3,5,14,19,57,9.32,1.26,3.82,0,55,55,51,23,7,18,3.01,3.78,0.7,1246,1.623,454.1,0.000,0.469,0.289,-0.101,-0.890,,,0.422,0.543,0.469,1.623,,
Fernando Rodney,Twins,5,4,28,5,33,67,9.34,1.4,4.18,0,65,65,59,30,8,31,4.36,4.26,0.5,494,1.609,220.4,0.000,1.588,1.586,0.466,-0.707,,,0.434,-0.732,-0.145,1.609,,
Enny Romero,Nationals,3,3,1,15,16,62,10.19,1.32,3.84,0,55,55,48,23,6,24,4,3.81,0.4,4001,1.577,714,0.000,0.229,0.012,0.182,-0.798,,,0.951,-0.004,0.435,1.577,,
Chaz Roe,Rays,3,3,2,13,15,55,9.87,1.29,3.61,0,50,50,43,20,5,21,3.76,3.67,0.6,9866,1.559,703.8,0.000,0.149,-0.081,-0.214,-0.926,,,0.756,0.270,0.828,1.559,,
Bryan Shaw,Rockies,5,3,1,20,21,63,8.75,1.3,3.75,0,65,65,61,27,7,23,3.22,3.72,1,8110,1.557,602.1,0.000,0.629,0.475,0.239,-0.780,,,0.076,0.179,0.589,1.557,,
Ryan Tepera,Blue Jays,4,3,2,16,18,67,9.31,1.3,3.95,0,65,65,58,29,8,26,3.62,4.12,0.6,10291,1.505,615,0.000,0.389,0.197,0.466,-0.707,,,0.416,0.179,0.247,1.505,,
Trevor Hildenberger,Twins,4,3,1,16,17,52,8.56,1.2,3.67,0,55,55,53,22,6,13,2.16,3.58,0.8,17002,1.495,466.8,0.000,0.309,0.104,-0.384,-0.981,,,-0.040,1.089,0.725,1.495,,
Jon Gray,Rockies,13,9,0,0,0,197,9.33,1.31,4.11,32,32,190,185,87,24,64,3.02,3.86,4,14916,1.531,162.4,0.000,,,,,0.928,-0.782,0.428,0.087,-0.026,1.418,,
Scott Alexander,Dodgers,4,3,5,15,20,58,7.97,1.31,3.31,0,65,65,61,24,4,24,3.39,3.5,1,10591,1.367,655.4,0.000,0.549,0.382,-0.044,-0.871,,,-0.398,0.087,1.340,1.367,,
Kyle Hendricks,Cubs,11,8,0,0,0,144,7.71,1.24,3.77,29,29,169,165,71,20,45,2.41,3.94,2.9,12049,1.358,112.4,0.000,,,,,0.635,-0.622,-0.556,0.725,0.555,1.358,,
Alex Wood,Dodgers,10,7,0,0,0,125,8.55,1.23,3.57,23,23,131,123,52,15,38,2.59,3.72,2.5,13781,1.624,114.5,0.000,,,,,-0.336,1.673,-0.046,0.816,0.896,1.331,,
Jake McGee,Rockies,3,2,2,17,19,65,9.03,1.29,4.01,0,65,65,62,29,8,22,2.98,3.95,0.9,7550,1.302,539.3,0.000,0.469,0.289,0.352,-0.743,,,0.246,0.270,0.145,1.302,,
Jake Faria,Rays,8,8,0,0,0,148,9.41,1.32,4.09,24,24,142,127,65,20,61,3.84,4.27,1.8,13699,0.688,232.8,0.000,,,,,0.770,-0.435,0.477,-0.004,0.008,1.252,,
Marcus Stroman,Blue Jays,12,9,0,0,0,160,7.57,1.29,3.72,31,31,191,191,79,18,55,2.59,3.66,4.1,13431,1.287,150.8,0.000,,,,,0.906,1.779,-0.641,0.270,0.640,1.174,,
Trevor Bauer,Indians,12,9,0,0,0,173,9.15,1.3,4.04,29,29,170,159,76,22,62,3.28,4,2.9,12703,1.497,131.1,0.000,,,,,0.544,2.100,0.319,0.179,0.094,1.136,,
Hunter Strickland,Giants,3,3,3,16,19,52,8.57,1.28,3.57,0,55,55,50,22,5,20,3.29,3.72,0.5,7836,1.129,596,0.000,0.469,0.289,-0.384,-0.981,,,-0.034,0.361,0.896,1.129,,
Seung Hwan Oh,Blue Jays,3,3,4,11,15,56,9.11,1.22,4.01,0,55,55,52,25,8,15,2.47,4.02,0.4,18719,1.108,489.5,0.000,0.149,-0.081,-0.157,-0.908,,,0.295,0.907,0.145,1.108,,
Luis Castillo,Reds,9,8,0,0,0,137,8.69,1.23,3.85,24,24,142,133,61,18,42,2.65,3.93,2.6,15689,1.795,92,0.000,,,,,-0.178,-0.676,0.039,0.816,0.418,1.096,,
James Pazos,Mariners,3,2,0,10,10,52,10.3,1.31,3.57,0,45,45,38,18,5,21,4.14,3.7,0.3,13323,1.073,665.9,0.000,-0.251,-0.544,-0.384,-0.981,,,1.018,0.087,0.896,1.073,,
Sergio Romo,Rays,2,3,3,12,15,56,9.16,1.22,4.05,0,55,55,51,25,9,17,2.7,4.18,0.3,9817,1.070,657,0.000,0.149,-0.081,-0.157,-0.908,,,0.325,0.907,0.077,1.070,,
Phil Maton,Padres,2,2,1,9,10,45,10.17,1.23,3.72,0,40,40,36,17,5,13,3.02,3.76,0.3,18064,1.070,654.4,0.000,-0.251,-0.544,-0.780,-1.109,,,0.939,0.816,0.640,1.070,,
Drew Pomeranz,Red Sox,10,7,0,0,0,137,8.92,1.31,3.94,24,24,138,128,60,18,53,3.44,4.07,2.1,11426,0.985,207.1,0.000,,,,,0.454,-0.969,0.179,0.087,0.265,0.985,,
Mike Minor,Rangers,9,7,0,0,0,126,9.4,1.32,4.18,21,21,121,113,56,18,46,3.45,4.24,1.9,10021,0.438,320.5,0.000,,,,,0.612,1.486,0.471,-0.004,-0.145,0.934,,
Zach Britton,Orioles,2,1,4,5,9,39,8.82,1.25,2.97,0,40,40,35,13,2,15,3.44,3.06,0.5,3240,0.915,299.7,0.000,-0.331,-0.637,-1.120,-1.219,,,0.118,0.634,1.920,0.915,,
J.A. Happ,Blue Jays,12,10,0,0,0,159,8,1.29,4.1,31,31,179,176,82,24,56,2.82,4.11,2.9,7410,0.787,249,0.000,,,,,1.018,-1.129,-0.380,0.270,-0.009,0.899,,
Kenta Maeda,Dodgers,9,7,0,0,0,126,8.83,1.2,3.84,23,23,129,120,55,18,34,2.38,3.9,2.2,18498,0.862,193.3,0.000,,,,,-0.787,2.073,0.124,1.089,0.435,0.862,,
Charlie Morton,Astros,10,7,0,0,0,129,9.12,1.28,3.81,23,23,128,118,54,14,45,3.21,3.82,2.4,4676,1.083,168,0.000,,,,,-0.291,1.192,0.301,0.361,0.486,0.857,,
Garrett Richards,Angels,11,9,0,0,0,147,8.29,1.29,3.82,26,26,160,148,68,17,58,3.29,3.92,2.7,9784,0.809,162,0.000,,,,,0.274,1.272,-0.204,0.270,0.469,0.809,,
Juan Minaya,White Sox,4,3,29,4,33,62,8.61,1.39,4.28,0,65,65,61,31,8,29,4.03,4.33,0.4,10341,0.802,367.6,0.000,1.588,1.586,0.182,-0.798,,,-0.009,-0.641,-0.316,0.802,,
Nick Vincent,Mariners,4,3,1,19,20,59,8.1,1.26,3.99,0,65,65,63,29,8,18,2.52,3.96,0.5,7555,0.797,685.9,0.000,0.549,0.382,0.013,-0.853,,,-0.319,0.543,0.179,0.797,,
Sonny Gray,Yankees,13,10,0,0,0,168,8.15,1.29,4.03,31,31,185,177,83,24,62,2.99,4.07,3.3,12768,0.817,139.6,0.000,,,,,0.702,-0.596,-0.289,0.270,0.111,0.794,,
Matt Barnes,Red Sox,3,2,1,14,15,59,9.72,1.34,3.89,0,55,55,50,24,7,24,3.89,3.95,0.4,12863,0.761,627.8,0.000,0.149,-0.081,0.013,-0.853,,,0.665,-0.186,0.350,0.761,,
Jose Berrios,Twins,12,10,0,0,0,163,8.69,1.3,4.24,29,29,169,162,80,23,59,3.14,4.21,2.6,14168,0.582,103.4,0.000,,,,,0.748,-0.596,0.039,0.179,-0.248,0.718,,
Jacob Barnes,Brewers,3,2,1,10,11,50,9.91,1.31,3.65,0,45,45,40,18,4,19,3.85,3.57,0.4,12323,0.679,622.6,0.000,-0.171,-0.451,-0.497,-1.018,,,0.781,0.087,0.760,0.679,,
Carson Smith,Red Sox,4,3,3,16,19,62,8.54,1.36,3.73,0,65,65,61,27,5,27,3.79,3.77,0.8,13172,0.675,583.3,0.000,0.469,0.289,0.182,-0.798,,,-0.052,-0.368,0.623,0.675,,
Danny Duffy,Royals,11,10,0,0,0,155,7.99,1.26,4.04,29,29,175,169,78,23,52,2.65,4.12,2.5,3542,0.614,196.5,0.000,,,,,0.409,-0.515,-0.386,0.543,0.094,0.660,,
Luiz Gohara,Braves,8,7,0,0,0,137,9.44,1.33,3.77,23,23,131,118,55,13,55,3.8,3.79,2.4,15166,0.980,297.7,0.000,,,,,-0.313,1.966,0.495,-0.095,0.555,0.642,,
Rick Porcello,Red Sox,13,10,0,0,0,155,7.64,1.28,4.27,29,29,183,194,87,28,40,1.96,4.2,2.5,2717,0.007,236.5,0.000,,,,,1.086,1.486,-0.599,0.361,-0.299,0.549,,
Matt Albers,Brewers,4,3,2,16,18,52,8.5,1.28,3.87,0,55,55,52,24,7,18,2.97,3.97,0.5,4300,0.481,625,0.000,0.389,0.197,-0.384,-0.981,,,-0.076,0.361,0.384,0.481,,
Luke Weaver,Cardinals,11,8,0,0,0,140,8.56,1.24,3.79,26,26,147,142,62,18,40,2.46,3.79,2.7,16918,0.464,108,0.000,,,,,-0.742,-0.782,-0.040,0.725,0.521,0.464,,
Jake Diekman,Rangers,3,3,2,12,14,61,10.01,1.4,3.86,0,55,55,48,24,5,30,4.84,3.86,0.5,5003,0.463,586,0.000,0.069,-0.174,0.126,-0.817,,,0.842,-0.732,0.401,0.463,,
Joe Musgrove,Pirates,10,10,0,0,0,141,7.99,1.26,4.06,28,28,159,163,72,21,37,2.12,3.96,2.6,12970,0.919,332.1,0.000,,,,,0.229,-0.542,-0.386,0.543,0.060,0.445,,
Alex Claudio,Rangers,3,2,22,7,29,47,6.48,1.29,3.56,0,65,65,67,26,5,17,2.29,3.66,1.1,12890,0.427,296.1,0.000,1.268,1.215,-0.667,-1.073,,,-1.304,0.270,0.913,0.427,,
Michael Wacha,Cardinals,11,9,0,0,0,152,8.27,1.31,4,29,29,165,163,73,19,54,2.95,3.91,2.8,14078,0.826,220.4,0.000,,,,,0.364,-0.916,-0.216,0.087,0.162,0.397,,
Zack Godley,Diamondbacks,9,8,0,0,0,143,9.12,1.35,4,24,24,141,133,63,16,57,3.61,3.97,2.5,14862,0.392,117.2,0.000,,,,,0.206,1.886,0.301,-0.277,0.162,0.392,,
Dinelson Lamet,Padres,7,7,0,0,0,128,10.41,1.32,4,19,19,111,95,49,14,52,4.21,4.01,1.7,17186,0.388,213.1,0.000,,,,,-0.855,1.646,1.085,-0.004,0.162,0.388,,
Pedro Baez,Dodgers,3,2,0,11,11,47,9.47,1.26,3.89,0,45,45,40,19,6,16,3.28,4.08,0.2,5420,0.287,642.6,0.000,-0.171,-0.451,-0.667,-1.073,,,0.513,0.543,0.350,0.287,,
Gio Gonzalez,Nationals,12,10,0,0,0,165,8.24,1.36,4.07,31,31,180,175,81,20,68,3.43,4.05,2.8,7448,0.143,155.6,0.000,,,,,0.838,-0.916,-0.234,-0.368,0.043,0.278,,
Alex Reyes,Cardinals,3,3,0,1,1,66,10.37,1.36,3.78,8,18,57,48,24,6,29,4.63,3.86,0.8,15015,0.262,281.1,0.000,-0.970,-1.378,0.409,-0.725,,,1.060,-0.368,0.538,0.262,,
Taijuan Walker,Diamondbacks,11,10,0,0,0,169,8.21,1.33,4.4,32,32,185,184,90,27,63,3.05,4.43,2.3,11836,0.173,197.4,0.000,,,,,1.041,-0.409,-0.252,-0.095,-0.521,0.173,,
Edubray Ramos,Phillies,3,2,0,9,9,44,9.98,1.27,3.9,0,40,40,36,17,5,15,3.31,3.84,0.3,16086,0.134,681.9,0.000,-0.331,-0.637,-0.837,-1.128,,,0.823,0.452,0.333,0.134,,
Keynan Middleton,Angels,3,2,2,15,17,56,9.21,1.33,4.14,0,55,55,51,25,8,22,3.61,4.37,0.1,15264,0.131,605.5,0.000,0.309,0.104,-0.157,-0.908,,,0.355,-0.095,-0.077,0.131,,
Steven Matz,Mets,8,7,0,0,0,110,8.18,1.32,3.93,21,21,121,120,53,14,38,2.87,3.96,2,13361,0.100,316.8,0.000,,,,,0.116,-0.676,-0.271,-0.004,0.282,0.123,,
Cole Hamels,Rangers,12,10,0,0,0,164,7.47,1.37,4.27,32,32,198,199,94,25,72,3.26,4.39,2.7,4972,-0.532,237.5,0.000,,,,,1.560,0.765,-0.702,-0.459,-0.299,0.100,,
Dylan Bundy,Orioles,12,11,0,0,0,161,8.18,1.31,4.56,29,29,177,174,90,30,57,2.91,4.63,2.1,12917,-0.568,192.3,0.000,,,,,1.018,2.206,-0.271,0.087,-0.794,0.041,,
Joe Smith,Astros,3,2,1,10,11,42,8.47,1.25,3.57,0,45,45,42,18,4,14,2.79,3.64,0.4,3281,0.034,651,0.000,-0.171,-0.451,-0.950,-1.164,,,-0.094,0.634,0.896,0.034,,
Craig Stammen,Padres,3,3,3,17,20,58,8.05,1.33,4.02,0,65,65,64,29,8,23,3.15,4.06,0.4,7274,0.021,683.2,0.000,0.549,0.382,-0.044,-0.871,,,-0.350,-0.095,0.128,0.021,,
Tanner Roark,Nationals,11,10,0,0,0,144,7.62,1.33,4.28,29,29,170,171,81,22,56,2.96,4.28,2.2,8753,-0.274,244.8,0.000,,,,,1.041,-0.622,-0.611,-0.095,-0.316,0.019,,
Collin McHugh,Astros,5,4,0,5,5,66,8.23,1.26,3.97,6,41,72,71,32,9,20,2.49,3.97,0.7,7531,-0.082,371.7,0.000,-0.651,-1.007,0.409,-0.725,,,-0.240,0.543,0.213,-0.082,,
Ross Stripling,Dodgers,3,3,1,14,15,50,8.26,1.27,3.95,0,55,55,53,24,7,16,2.68,3.98,0.3,13273,-0.101,633,0.000,0.149,-0.081,-0.497,-1.018,,,-0.222,0.452,0.247,-0.101,,
George Kontos,Pirates,4,3,5,14,19,57,7.86,1.31,4.05,0,65,65,64,29,8,21,2.87,4.03,0.5,9486,-0.112,681.2,0.000,0.469,0.289,-0.101,-0.890,,,-0.465,0.087,0.077,-0.112,,
Matt Shoemaker,Angels,8,8,0,0,0,113,7.91,1.26,4.21,23,23,129,128,60,20,34,2.35,4.34,1.6,4776,0.118,340.3,0.000,,,,,-0.042,-0.649,-0.435,0.543,-0.196,-0.131,,
Mike Montgomery,Cubs,6,4,1,15,16,75,7.63,1.38,4.04,5,65,88,84,40,9,37,3.8,4.31,0.5,4869,-0.131,402.5,0.000,0.229,0.012,0.919,-0.560,,,-0.605,-0.550,0.094,-0.131,,
Chris Hatcher,Athletics,3,3,4,16,20,63,8.78,1.36,4.38,0,65,65,64,32,9,25,3.46,4.32,0.3,3299,-0.139,652.1,0.000,0.549,0.382,0.239,-0.780,,,0.094,-0.368,-0.487,-0.139,,
Jimmy Nelson,Brewers,6,5,0,0,0,95,9,1.3,3.98,16,16,95,91,42,11,33,3.1,3.92,1.8,10547,-0.884,335.3,0.000,,,,,-0.742,-0.489,0.228,0.179,0.196,-0.140,,
Chris Rusin,Rockies,4,2,0,16,16,59,7.62,1.31,3.89,0,70,70,72,30,8,20,2.53,3.93,0.5,9895,-0.150,648.1,0.000,0.229,0.012,0.013,-0.853,,,-0.611,0.087,0.350,-0.150,,
Adam Warren,Yankees,3,2,0,12,12,51,8.39,1.27,3.93,0,55,55,51,24,7,19,3.11,3.98,0.3,9029,-0.209,638.7,0.000,-0.091,-0.359,-0.441,-1.000,,,-0.143,0.452,0.282,-0.209,,
Eduardo Rodriguez,Red Sox,7,5,0,0,0,113,9.12,1.29,4.16,19,19,111,105,52,16,39,3.14,4.17,1.6,13164,0.462,312.9,0.000,,,,,-0.674,-0.809,0.301,0.270,-0.111,-0.215,,
Michael Fulmer,Tigers,12,11,0,0,0,146,7.15,1.28,4.13,29,29,184,186,84,22,50,2.45,4.12,3,13218,0.016,193.1,0.000,,,,,0.364,0.845,-0.897,0.361,-0.060,-0.232,,
Cory Gearrin,Giants,3,3,2,13,15,53,8.6,1.36,3.77,0,55,55,50,23,5,24,3.98,3.98,0.2,7947,-0.237,668,0.000,0.149,-0.081,-0.327,-0.963,,,-0.015,-0.368,0.555,-0.237,,
Jordan Montgomery,Yankees,10,9,0,0,0,143,8.26,1.34,4.41,28,28,156,154,77,24,55,3.18,4.47,2.1,16511,0.028,234.8,0.000,,,,,0.702,-0.756,-0.222,-0.186,-0.538,-0.243,,
Brandon Maurer,Royals,4,4,6,12,18,58,8.04,1.31,4.17,0,65,65,64,30,8,21,2.9,4.01,0.5,4878,-0.244,524,0.000,0.389,0.197,-0.044,-0.871,,,-0.356,0.087,-0.128,-0.244,,
Vince Velasquez,Phillies,7,8,0,0,0,132,9.73,1.34,4.5,21,21,122,118,61,21,46,3.39,4.41,1.7,11189,-0.248,346.7,0.000,,,,,-0.042,-0.622,0.671,-0.186,-0.691,-0.248,,
Bryan Mitchell,Padres,7,8,0,0,0,120,7.64,1.37,3.94,24,24,141,139,62,12,54,3.46,3.88,2.4,11479,-0.452,482.3,0.000,,,,,0.522,1.352,-0.599,-0.459,0.265,-0.271,,
Jose Alvarado,Rays,3,3,2,12,14,62,10.16,1.5,3.85,0,55,55,45,24,4,37,6.07,4.11,0.2,17780,-0.283,630,0.000,0.069,-0.174,0.182,-0.798,,,0.933,-1.643,0.418,-0.283,,
Miles Mikolas,Cardinals,7,7,0,0,0,107,8,1.28,4.15,21,21,120,121,55,17,33,2.47,4.16,1.7,9803,-0.517,287,0.000,,,,,-0.178,-0.515,-0.380,0.361,-0.094,-0.291,,
Andrew Kittredge,Rays,2,2,1,10,11,43,8.7,1.27,3.78,0,45,45,42,19,6,15,3.05,3.96,0.2,12828,-0.311,656.1,0.000,-0.171,-0.451,-0.894,-1.146,,,0.045,0.452,0.538,-0.311,,
Hyun-Jin Ryu,Dodgers,9,7,0,0,0,115,7.89,1.31,4.05,23,23,132,133,59,18,39,2.68,4.21,1.7,14444,-0.618,334.7,0.000,,,,,-0.065,-1.022,-0.447,0.087,0.077,-0.348,,
Tyler Glasnow,Pirates,7,6,0,3,3,128,10.98,1.38,3.93,13,43,105,90,46,12,55,4.74,3.85,1.4,14374,-0.437,373.8,0.000,,,,,-1.600,0.899,1.431,-0.550,0.282,-0.437,,
Tyler Skaggs,Angels,8,6,0,0,0,114,7.88,1.32,4.1,23,23,130,128,59,16,44,3.07,4.17,1.8,10190,-0.756,379.2,0.000,,,,,0.025,1.246,-0.453,-0.004,-0.009,-0.440,,
Ivan Nova,Pirates,10,11,0,0,0,121,6.61,1.31,4.26,28,28,165,180,78,21,36,1.97,4.17,2.3,1994,-0.942,345.4,0.000,,,,,0.973,0.872,-1.225,0.087,-0.282,-0.446,,
Alex Cobb,Orioles,10,10,0,0,0,122,6.56,1.33,4.29,28,28,167,176,79,22,45,2.44,4.39,2.4,6562,-1.838,249.8,0.000,,,,,1.222,1.059,-1.255,-0.095,-0.333,-0.461,,
Jim Johnson,Angels,3,3,2,13,15,50,8.2,1.33,3.85,0,55,55,53,24,6,20,3.24,3.87,0.4,3656,-0.513,554.4,0.000,0.149,-0.081,-0.497,-1.018,,,-0.259,-0.095,0.418,-0.513,,
Brad Ziegler,Marlins,3,3,30,4,34,43,5.99,1.38,3.62,0,65,65,66,26,4,24,3.26,3.84,0.7,7293,-0.556,313.4,0.000,1.668,1.679,-0.894,-1.146,,,-1.602,-0.550,0.811,-0.556,,
Dan Winkler,Braves,2,2,0,8,8,43,9.73,1.31,3.94,0,40,40,37,18,5,15,3.43,3.99,0.2,12237,-0.600,647.6,0.000,-0.411,-0.729,-0.894,-1.146,,,0.671,0.087,0.265,-0.600,,
Jose Leclerc,Rangers,3,3,5,14,19,73,10.14,1.55,4.4,0,65,65,55,32,7,46,6.31,4.51,0.2,14524,-0.603,641.2,0.000,0.469,0.289,0.806,-0.597,,,0.921,-2.098,-0.521,-0.603,,
Nick Pivetta,Phillies,8,9,0,0,0,132,9.05,1.36,4.54,23,23,132,129,66,21,49,3.39,4.45,1.7,15454,-1.183,418.1,0.000,,,,,0.206,-0.222,0.258,-0.368,-0.760,-0.664,,
Chase Anderson,Brewers,10,10,0,0,0,152,8.07,1.34,4.55,29,29,170,173,86,28,55,2.93,4.59,1.9,6895,-0.936,175.4,0.000,,,,,0.612,1.352,-0.338,-0.186,-0.777,-0.688,,
Ryan Pressly,Twins,3,2,0,10,10,44,8.72,1.29,3.89,0,45,45,42,19,5,16,3.23,3.79,0.3,7005,-0.704,649.8,0.000,-0.251,-0.544,-0.837,-1.128,,,0.058,0.270,0.350,-0.704,,
Adam Ottavino,Rockies,3,2,1,14,15,63,10.26,1.45,4.52,0,55,55,51,28,8,29,4.74,4.41,0.3,1247,-0.762,665.2,0.000,0.149,-0.081,0.239,-0.780,,,0.993,-1.188,-0.726,-0.762,,
Joe Jimenez,Tigers,2,2,1,9,10,48,9.56,1.34,4.09,0,45,45,40,20,6,20,4.02,4.16,0.2,15761,-0.764,540.7,0.000,-0.251,-0.544,-0.611,-1.055,,,0.568,-0.186,0.008,-0.764,,
Tony Cingrani,Dodgers,2,2,2,17,19,55,8.92,1.41,4.22,0,55,55,51,26,8,26,4.26,4.57,-0.1,12555,-0.782,707.9,0.000,0.469,0.289,-0.214,-0.926,,,0.179,-0.823,-0.213,-0.782,,
Sean Newcomb,Braves,9,10,0,0,0,171,9.86,1.5,4.25,28,28,156,141,74,17,93,5.37,4.32,1.9,16943,-0.861,307.1,0.000,,,,,0.341,-0.702,0.750,-1.643,-0.265,-0.816,,
Julio Teheran,Braves,10,11,0,0,0,148,7.61,1.34,4.58,29,29,175,177,89,28,58,2.99,4.68,1.5,6797,-1.131,231.8,0.000,,,,,0.793,2.393,-0.617,-0.186,-0.828,-0.838,,
Kevin Gausman,Orioles,11,10,0,0,0,165,8.4,1.34,4.38,31,31,177,179,86,27,58,2.93,4.34,2.6,14107,0.029,199,0.000,,,,,-0.065,1.779,-0.137,-0.186,-0.487,-0.874,,
Jose Ramirez,Braves,3,3,4,16,20,66,9.18,1.46,4.52,0,65,65,61,33,9,35,4.8,4.62,-0.1,10171,-0.876,633.6,0.000,0.549,0.382,0.409,-0.725,,,0.337,-1.279,-0.726,-0.876,,
Bud Norris,Cardinals,3,3,2,10,12,46,9.26,1.33,4.17,0,45,45,43,21,6,17,3.42,4.12,0.2,9492,-0.920,525.7,0.000,-0.091,-0.359,-0.724,-1.091,,,0.386,-0.095,-0.128,-0.920,,
Adam Morgan,Phillies,2,3,1,10,11,53,8.84,1.29,4.44,2,47,54,54,27,10,17,2.76,4.5,0.2,12580,-0.968,685.4,0.000,-0.171,-0.451,-0.327,-0.963,,,0.130,0.270,-0.589,-0.968,,
Marco Estrada,Blue Jays,9,10,0,0,0,150,7.92,1.32,4.68,29,29,170,163,88,29,61,3.23,4.75,1.6,1118,-0.886,301.3,0.000,,,,,0.454,-0.756,-0.429,-0.004,-0.999,-0.977,,
Dan Straily,Marlins,8,10,0,0,0,142,8.09,1.35,4.64,28,28,158,155,81,28,58,3.29,4.85,0.9,9460,-1.304,333.5,0.000,,,,,0.477,1.833,-0.325,-0.277,-0.930,-1.056,,
Nathan Karns,Royals,7,7,0,0,0,120,8.97,1.35,4.45,21,21,120,116,59,18,47,3.53,4.37,1.4,12638,-1.145,426.3,0.000,,,,,-0.403,1.619,0.209,-0.277,-0.606,-1.077,,
Felix Hernandez,Mariners,10,10,0,0,0,137,7.77,1.33,4.3,28,28,159,158,76,22,54,3.05,4.36,1.9,4772,-0.623,280.6,0.000,,,,,-0.133,1.032,-0.520,-0.095,-0.350,-1.097,,
Michael Lorenzen,Reds,3,3,1,17,18,53,7.96,1.37,4.19,0,60,60,59,28,7,23,3.46,4.35,0.3,14843,-1.156,620.5,0.000,0.389,0.197,-0.327,-0.963,,,-0.404,-0.459,-0.162,-1.156,,
Luis Garcia,Phillies,3,3,1,13,14,52,8.52,1.43,3.82,0,55,55,52,23,5,26,4.33,3.84,0.5,6984,-1.158,649.4,0.000,0.069,-0.174,-0.384,-0.981,,,-0.064,-1.005,0.469,-1.158,,
Carlos Rodon,White Sox,6,5,0,0,0,95,9.15,1.36,4.14,16,16,93,88,43,12,39,3.75,4.16,1.5,16137,-0.868,383.9,0.000,,,,,-1.035,-0.782,0.319,-0.368,-0.077,-1.161,,
Mike Clevinger,Indians,8,7,0,0,0,117,9.33,1.39,4.47,19,19,113,105,56,17,52,4.11,4.58,1.2,12808,-1.189,193.6,0.000,,,,,-0.336,0.365,0.428,-0.641,-0.640,-1.189,,
Ervin Santana,Twins,9,8,0,0,0,122,7.21,1.33,4.46,24,24,152,155,75,22,47,2.77,4.5,1.8,3200,-1.643,260.1,0.000,,,,,0.341,0.952,-0.860,-0.095,-0.623,-1.237,,
Patrick Corbin,Diamondbacks,10,8,0,0,0,122,7.86,1.37,4.22,24,24,140,145,66,18,47,3.02,4.19,2.1,9323,-1.315,226.6,0.000,,,,,-0.133,1.086,-0.465,-0.459,-0.213,-1.270,,
Taylor Rogers,Twins,3,3,1,12,13,47,7.73,1.32,3.98,0,55,55,55,24,6,18,2.96,4.01,0.4,13449,-1.285,612.4,0.000,-0.011,-0.266,-0.667,-1.073,,,-0.544,-0.004,0.196,-1.285,,
Tyler Mahle,Reds,7,7,0,0,0,98,7.97,1.34,4.51,19,19,111,114,56,18,35,2.82,4.66,1.1,16358,-1.538,394.5,0.000,,,,,0.003,-0.916,-0.398,-0.186,-0.708,-1.290,,
Mike Leake,Mariners,11,11,0,0,0,125,6.14,1.32,4.39,31,31,184,204,90,25,38,1.88,4.27,2.4,10130,-1.180,332,0.000,,,,,0.725,0.445,-1.511,-0.004,-0.504,-1.293,,
Sean Manaea,Athletics,10,10,0,0,0,138,7.74,1.34,4.34,28,28,160,161,77,21,53,2.96,4.23,2.2,15873,-0.936,244.4,0.000,,,,,-0.155,1.166,-0.538,-0.186,-0.418,-1.297,,
Jack Flaherty,Cardinals,6,6,0,0,0,83,8.11,1.34,4.23,16,16,92,91,43,13,32,3.13,4.32,1.1,17479,-1.765,341.6,0.000,,,,,-0.607,1.513,-0.313,-0.186,-0.231,-1.336,,
Clayton Richard,Padres,10,12,0,0,0,133,6.49,1.41,4.2,31,31,185,203,86,20,58,2.82,4.2,2.5,3551,-2.365,474.6,0.000,,,,,0.838,0.045,-1.298,-0.823,-0.179,-1.463,,
Frankie Montas,Athletics,2,2,0,1,1,43,10.05,1.34,4.04,5,15,38,34,17,5,17,4.03,4.11,0.4,14309,-1.497,673.1,0.000,-0.970,-1.378,-0.894,-1.146,,,0.866,-0.186,0.094,-1.497,,
Jake Odorizzi,Twins,9,9,0,0,0,128,7.84,1.36,4.75,26,26,147,149,78,26,52,3.17,4.87,1.2,6397,-2.028,258.5,0.000,,,,,0.432,-1.022,-0.477,-0.368,-1.118,-1.532,,
Brandon McCarthy,Braves,9,10,0,0,0,124,7.09,1.37,4.37,28,28,158,167,77,20,49,2.79,4.28,2,4662,-1.611,402.4,0.000,,,,,0.296,1.246,-0.933,-0.459,-0.469,-1.565,,
Andrew Heaney,Angels,6,5,0,0,0,82,7.97,1.3,4.29,16,16,92,93,44,15,27,2.63,4.51,1,15423,-1.024,405.5,0.000,,,,,-1.013,1.139,-0.398,0.179,-0.333,-1.566,,
Mike Foltynewicz,Braves,9,11,0,0,0,149,8.4,1.39,4.71,28,28,160,164,83,25,58,3.27,4.6,1.5,10811,-1.509,331.5,0.000,,,,,0.251,0.018,-0.137,-0.641,-1.050,-1.577,,
Emilio Pagan,Athletics,2,2,0,8,8,41,9.21,1.3,4.36,0,40,40,37,19,6,15,3.27,4.3,0.1,14771,-1.655,529,0.000,-0.411,-0.729,-1.007,-1.183,,,0.355,0.179,-0.452,-1.655,,
Zach Davies,Brewers,10,10,0,0,0,126,6.66,1.37,4.39,29,29,170,182,83,22,51,2.7,4.36,2.4,13183,-1.725,301.2,0.000,,,,,0.499,-1.076,-1.195,-0.459,-0.504,-1.658,,
Nathan Eovaldi,Rays,3,3,0,0,0,44,7.16,1.34,4.17,10,10,56,57,26,7,18,2.85,4.15,0.8,9132,-1.698,479.6,0.000,,,,,-0.494,1.192,-0.891,-0.186,-0.128,-1.698,,
German Marquez,Rockies,9,7,0,0,0,123,7.96,1.34,4.55,24,24,139,146,70,22,40,2.57,4.44,2.1,15038,-1.500,340.7,0.000,,,,,-0.336,-0.996,-0.404,-0.186,-0.777,-1.703,,
Tyler Anderson,Rockies,10,7,0,0,0,125,7.97,1.37,4.43,24,24,141,145,69,21,47,3.02,4.45,2.1,12880,-1.539,415.1,0.000,,,,,-0.313,1.112,-0.398,-0.459,-0.572,-1.742,,
Matt Andriese,Rays,6,6,0,4,4,90,8.02,1.24,4.1,11,46,101,101,46,15,25,2.21,4.09,1,12022,-1.748,505.6,0.000,,,,,-2.096,1.166,-0.368,0.725,-0.009,-1.748,,
Matt Strahm,Padres,2,3,0,1,1,53,9.87,1.34,4.48,5,25,48,45,24,8,19,3.64,4.55,0.2,13799,-1.791,543.9,0.000,-0.970,-1.378,-0.327,-0.963,,,0.756,-0.186,-0.657,-1.791,,
Jakob Junis,Royals,8,10,0,0,0,125,7.53,1.32,4.76,26,26,149,158,79,27,39,2.36,4.76,1.1,13619,-1.373,359.7,0.000,,,,,0.003,-0.756,-0.666,-0.004,-1.135,-1.802,,
Santiago Casilla,Athletics,3,3,0,10,10,43,8.62,1.33,4.26,0,45,45,43,21,6,16,3.3,4.3,0.1,2873,-1.818,644.3,0.000,-0.251,-0.544,-0.894,-1.146,,,-0.003,-0.095,-0.282,-1.818,,
Jason Vargas,Mets,9,10,0,0,0,113,7.39,1.34,4.54,24,24,137,141,69,22,42,2.77,4.63,1.3,8044,-1.942,417.6,0.000,,,,,-0.133,-1.022,-0.751,-0.186,-0.760,-1.829,,
Anibal Sanchez,Braves,4,4,0,1,1,67,8.41,1.32,4.58,8,33,72,73,37,12,22,2.69,4.38,0.6,3284,-1.874,683.5,0.000,-0.970,-1.378,0.466,-0.707,,,-0.131,-0.004,-0.828,-1.874,,
Zack Wheeler,Mets,6,7,0,1,1,107,8.62,1.38,4.44,16,31,112,109,55,15,46,3.67,4.39,1.2,10310,-1.749,428,0.000,,,,,-0.742,-0.382,-0.003,-0.550,-0.589,-1.884,,
Josh Tomlin,Indians,7,7,0,0,0,82,6.6,1.25,4.72,19,19,112,124,59,21,15,1.25,4.67,1.1,9388,-2.338,440.8,0.000,,,,,-0.245,0.685,-1.231,0.634,-1.067,-1.909,,
Jeremy Jeffress,Brewers,3,3,2,13,15,47,7.61,1.42,3.88,0,55,55,55,24,5,23,3.76,4.01,0.4,9490,-1.913,641.8,0.000,0.149,-0.081,-0.667,-1.073,,,-0.617,-0.914,0.367,-1.913,,
Brock Stewart,Dodgers,6,6,0,1,1,101,8.71,1.31,4.43,16,26,104,101,51,18,35,3.01,4.57,0.9,16727,-1.175,552.9,0.000,,,,,-1.487,-0.916,0.051,0.087,-0.572,-1.920,,
Tyler Chatwood,Cubs,11,9,0,0,0,117,7.56,1.42,4.16,24,24,139,133,64,14,64,4.16,4.31,1.8,4338,-1.806,246.1,0.000,,,,,-0.313,0.525,-0.648,-0.914,-0.111,-1.986,,
Erasmo Ramirez,Mariners,7,7,0,0,0,98,6.85,1.31,4.43,23,23,129,132,63,19,37,2.57,4.53,1.3,10314,-1.470,479.4,0.000,,,,,-0.426,0.952,-1.079,0.087,-0.572,-1.989,,
Wandy Peralta,Reds,3,3,1,13,14,49,7.99,1.41,4.13,0,55,55,53,25,6,25,4.07,4.28,0.2,14295,-1.997,679.6,0.000,0.069,-0.174,-0.554,-1.036,,,-0.386,-0.823,-0.060,-1.997,,
Anthony DeSclafani,Reds,8,9,0,0,0,114,7.04,1.34,4.53,24,24,146,155,73,22,41,2.51,4.54,1.7,13050,-2.070,401.8,0.000,,,,,-0.110,-0.862,-0.964,-0.186,-0.743,-2.002,,
Aaron Sanchez,Blue Jays,8,7,0,0,0,111,7.16,1.4,4.15,24,24,140,139,65,15,58,3.71,4.27,2,11490,-2.053,193.4,0.000,,,,,-0.313,0.872,-0.891,-0.732,-0.094,-2.030,,
Tyler Clippard,Blue Jays,2,2,0,5,5,38,9.78,1.33,4.37,0,35,35,31,17,6,16,4.07,4.52,0,5640,-2.047,733.3,0.000,-0.651,-1.007,-1.177,-1.238,,,0.702,-0.095,-0.469,-2.047,,
Steven Brault,Pirates,5,5,0,6,6,71,7.75,1.42,4.34,8,43,82,83,40,10,34,3.74,4.37,0.5,15291,-2.087,676.3,0.000,-0.571,-0.915,0.692,-0.633,,,-0.532,-0.914,-0.418,-2.087,,
Ryan Buchter,Athletics,2,1,0,5,5,37,9.42,1.35,4.13,0,35,35,31,16,5,17,4.25,4.32,0,9456,-2.094,673.7,0.000,-0.651,-1.007,-1.234,-1.256,,,0.483,-0.277,-0.060,-2.094,,
Anthony Banda,Rays,5,5,0,0,0,69,8.38,1.39,4.44,13,13,74,72,37,10,31,3.78,4.51,0.7,14706,-1.376,652.2,0.000,,,,,-0.719,-1.183,-0.149,-0.641,-0.589,-2.099,,
Sal Romano,Reds,7,8,0,0,0,98,7.36,1.4,4.44,21,21,120,125,59,16,43,3.24,4.47,1.5,13690,-2.110,579.5,0.000,,,,,-0.020,-0.329,-0.769,-0.732,-0.589,-2.110,,
Jaime Garcia,Blue Jays,8,8,0,0,0,103,7.18,1.39,4.5,23,23,129,135,65,18,45,3.1,4.51,1.5,8137,-2.840,479.8,0.000,,,,,0.093,0.445,-0.878,-0.641,-0.691,-2.118,,
Jerad Eickhoff,Phillies,7,9,0,0,0,120,7.9,1.36,4.74,24,24,137,142,72,24,44,2.9,4.74,1.4,12664,-2.291,377.6,0.000,,,,,-0.245,0.579,-0.441,-0.368,-1.101,-2.155,,
Lance Lynn,Twins,9,9,0,0,0,123,7.43,1.42,4.38,26,26,149,150,72,21,60,3.66,4.65,1.6,2520,-2.125,221.2,0.000,,,,,-0.065,1.032,-0.727,-0.914,-0.487,-2.192,,
Chad Kuhl,Pirates,9,11,0,0,0,139,7.82,1.41,4.56,28,28,160,165,81,23,60,3.38,4.51,1.6,14975,-2.239,388.3,0.000,,,,,-0.087,1.112,-0.489,-0.823,-0.794,-2.194,,
Brandon Kintzler,Nationals,3,2,2,18,20,36,5.91,1.33,3.85,0,55,55,59,24,5,14,2.34,3.96,0.4,9939,-2.235,486.1,0.000,0.549,0.382,-1.290,-1.274,,,-1.650,-0.095,0.418,-2.235,,
Adam Wainwright,Cardinals,9,9,0,0,0,107,6.83,1.37,4.27,24,24,142,149,67,16,44,2.82,4.17,2,2233,-2.162,424.3,0.000,,,,,-0.516,-1.209,-1.091,-0.459,-0.299,-2.365,,
Ian Kennedy,Royals,9,12,0,0,0,147,7.88,1.38,4.93,29,29,168,171,92,31,61,3.28,5.04,0.8,6986,-1.974,431,0.000,,,,,-0.042,0.685,-0.453,-0.550,-1.425,-2.471,,
Jason Hammel,Royals,9,11,0,0,0,123,7.14,1.35,4.81,28,28,156,167,83,26,43,2.51,4.74,1.2,4538,-2.488,529.8,0.000,,,,,-0.087,1.753,-0.903,-0.277,-1.221,-2.488,,
Andrew Triggs,Athletics,7,7,0,0,0,105,6.72,1.38,4.52,24,24,141,150,71,17,44,2.81,4.34,1.7,13533,-2.747,478.5,0.000,,,,,-0.065,1.112,-1.158,-0.550,-0.726,-2.499,,
Chris Stratton,Giants,9,10,0,0,0,124,7.13,1.45,4.52,28,28,157,162,79,19,65,3.71,4.54,1.2,13761,-2.932,426.4,0.000,,,,,0.319,0.632,-0.909,-1.188,-0.726,-2.503,,
CC Sabathia,Yankees,9,8,0,0,0,114,7.33,1.38,4.53,24,24,140,146,70,21,47,3.05,4.66,1.6,404,-2.145,332.7,0.000,,,,,-0.471,1.139,-0.787,-0.550,-0.743,-2.551,,
Alex Wilson,Tigers,4,3,6,12,18,45,6.24,1.34,4.29,0,65,65,69,31,8,18,2.55,4.32,0.4,9239,-2.552,655.2,0.000,0.389,0.197,-0.780,-1.109,,,-1.450,-0.186,-0.333,-2.552,,
Brandon Finnegan,Reds,4,4,0,0,0,64,8.74,1.41,4.66,11,11,66,62,34,11,31,4.23,4.88,0.5,16208,-2.573,452.2,0.000,,,,,-0.855,-0.969,0.070,-0.823,-0.964,-2.573,,
Brandon Woodruff,Brewers,7,7,0,0,0,90,7.95,1.37,4.44,18,18,102,103,50,14,37,3.24,4.43,1.3,16162,-2.945,388.7,0.000,,,,,-1.126,-0.462,-0.410,-0.459,-0.589,-2.584,,
Lucas Giolito,White Sox,8,9,0,0,0,125,8.11,1.43,4.63,24,24,139,137,72,21,61,3.97,4.75,1.3,15474,-2.703,225.3,0.000,,,,,-0.381,0.232,-0.313,-1.005,-0.913,-2.613,,
Trevor Cahill,Athletics,5,6,0,3,3,96,8.19,1.49,4.59,13,43,105,106,54,13,51,4.36,4.59,0.7,6249,-3.990,578.6,0.000,,,,,0.003,1.166,-0.265,-1.552,-0.845,-2.659,,
Matt Harvey,Mets,7,9,0,0,0,105,6.87,1.37,4.71,24,24,138,145,72,19,45,2.95,4.56,1.4,11713,-2.799,316.5,0.000,,,,,-0.178,0.392,-1.067,-0.459,-1.050,-2.753,,
Michael Kopech,,5,6,0,0,0,94,10.1,1.45,4.6,15,15,84,73,43,12,49,5.29,4.62,0.9,sa828680,-2.843,328.4,0.000,,,,,-1.645,0.632,0.896,-1.188,-0.862,-2.798,,
Brent Suter,Brewers,7,7,0,0,0,100,6.98,1.36,4.55,23,23,128,137,65,20,37,2.63,4.61,1.4,13942,-2.819,496.3,0.000,,,,,-0.674,0.338,-1.000,-0.368,-0.777,-2.819,,
Mike Fiers,Tigers,8,9,0,0,0,114,7.33,1.39,4.89,24,24,140,147,76,24,47,3.04,4.9,1.1,7754,-3.302,533.6,0.000,,,,,-0.065,0.499,-0.787,-0.641,-1.357,-2.850,,
Mike Dunn,Rockies,3,3,1,11,12,47,9.42,1.46,4.72,0,45,45,44,24,7,22,4.39,4.74,0.1,9948,-2.889,696.3,0.000,-0.091,-0.359,-0.667,-1.073,,,0.483,-1.279,-1.067,-2.889,,
Francisco Liriano,Tigers,8,8,0,1,1,127,8.65,1.47,4.7,21,31,132,127,69,19,67,4.54,4.69,1.2,3201,-2.565,545.7,0.000,,,,,-0.516,-0.916,0.015,-1.370,-1.033,-2.904,,
Matt Belisle,Indians,2,1,0,9,9,33,7.32,1.34,4.03,0,40,40,40,18,5,13,2.99,4.12,0.2,1837,-2.965,626.4,0.000,-0.331,-0.637,-1.460,-1.329,,,-0.793,-0.186,0.111,-2.965,,
Blake Wood,Angels,2,2,0,9,9,37,8.36,1.41,4.16,0,40,40,39,19,4,18,3.96,4.12,0.1,1345,-2.966,679.7,0.000,-0.331,-0.637,-1.234,-1.256,,,-0.161,-0.823,-0.111,-2.966,,
Kyle Gibson,Twins,10,10,0,0,0,116,6.71,1.42,4.56,28,28,156,166,79,19,56,3.22,4.46,1.9,10123,-2.960,426,0.000,,,,,-0.110,-1.183,-1.164,-0.914,-0.794,-2.982,,
Kendall Graveman,Athletics,9,10,0,0,0,110,5.84,1.41,4.63,29,29,169,188,87,21,51,2.74,4.53,1.7,15514,-3.585,461,0.000,,,,,0.432,0.926,-1.693,-0.823,-0.913,-2.998,,
Julio Urias,Dodgers,2,2,0,0,0,34,8.21,1.35,3.86,6,6,38,35,16,4,16,3.78,4.08,0.6,14765,-3.002,628.5,0.000,-1.050,-1.470,-1.404,-1.311,,,-0.252,-0.277,0.401,-3.002,,
Marco Gonzales,Mariners,5,6,0,0,0,75,7.15,1.39,4.68,16,16,94,101,49,15,30,2.89,4.68,0.8,15467,-3.549,476,0.000,,,,,-0.471,-1.263,-0.897,-0.641,-0.999,-3.008,,
Jhoulys Chacin,Brewers,8,9,0,0,0,118,7.57,1.44,4.68,24,24,140,144,73,19,58,3.7,4.66,1.5,2608,-3.253,353.8,0.000,,,,,-0.291,-0.169,-0.641,-1.097,-0.999,-3.027,,
Jared Hughes,Reds,3,3,1,11,12,38,6.89,1.39,4,0,50,50,50,22,5,19,3.47,4.38,0.1,9325,-3.070,704.7,0.000,-0.091,-0.359,-1.177,-1.238,,,-1.055,-0.641,0.162,-3.070,,
Seth Lugo,Mets,4,5,0,1,1,59,7.42,1.33,4.62,8,33,72,76,37,12,20,2.45,4.53,0.5,12447,-3.088,538.2,0.000,-0.970,-1.378,0.013,-0.853,,,-0.733,-0.095,-0.896,-3.088,,
Daniel Norris,Tigers,7,8,0,0,0,105,7.77,1.46,4.65,21,21,122,126,63,17,53,3.92,4.59,1.4,13475,-3.127,464,0.000,,,,,-0.381,-0.596,-0.520,-1.279,-0.947,-3.127,,
Matt Boyd,Tigers,8,9,0,0,0,109,7.45,1.39,4.81,23,23,132,137,70,22,45,3.07,4.82,1.2,15440,-3.137,484.2,0.000,,,,,-0.561,0.632,-0.714,-0.641,-1.221,-3.137,,
Trevor May,Twins,2,2,0,0,0,37,8.96,1.35,4.31,6,6,37,36,18,5,14,3.35,4.16,0.6,6398,-3.144,681.4,0.000,-1.050,-1.470,-1.234,-1.256,,,0.203,-0.277,-0.367,-3.144,,
Reynaldo Lopez,White Sox,6,8,0,0,0,111,8.22,1.43,4.93,21,21,121,121,66,21,51,3.82,4.98,0.9,16400,-3.351,369.2,0.000,,,,,-0.471,-1.183,-0.246,-1.005,-1.425,-3.148,,
Sam Dyson,Giants,3,3,0,10,10,35,7.03,1.4,3.86,0,45,45,45,19,3,18,3.6,3.92,0.1,11710,-3.192,465.6,0.000,-0.251,-0.544,-1.347,-1.293,,,-0.970,-0.732,0.401,-3.192,,
Luis Perdomo,Padres,8,10,0,0,0,111,6.58,1.45,4.4,26,26,152,165,74,16,56,3.29,4.33,1.8,14682,-3.061,508.4,0.000,,,,,-0.403,-1.236,-1.243,-1.188,-0.521,-3.355,,
Daniel Mengden,Athletics,8,10,0,0,0,115,7.32,1.43,4.75,24,24,141,147,75,20,55,3.48,4.66,1.2,16980,-3.230,402.3,0.000,,,,,-0.516,0.792,-0.793,-1.005,-1.118,-3.433,,
Wily Peralta,Royals,3,3,3,14,17,43,7.07,1.43,4.56,0,55,55,59,28,7,20,3.25,4.49,0,7738,-3.534,678.5,0.000,0.309,0.104,-0.894,-1.146,,,-0.945,-1.005,-0.794,-3.534,,
Joe Biagini,Blue Jays,5,5,0,0,0,65,6.95,1.41,4.64,15,15,85,89,44,11,30,3.24,4.47,1,13194,-4.417,581.4,0.000,,,,,-0.765,-1.022,-1.018,-0.823,-0.930,-3.536,,
Trevor Oaks,,5,5,0,0,0,55,5.88,1.32,4.22,15,15,84,92,39,10,19,2.03,4.22,1.1,sa829144,-2.650,724.9,0.000,,,,,-1.690,-0.435,-1.669,-0.004,-0.213,-3.576,,
JC Ramirez,Angels,7,8,0,0,0,88,6.54,1.4,4.63,21,21,122,129,63,17,42,3.13,4.74,0.9,8302,-3.429,538.3,0.000,,,,,-0.674,-0.702,-1.267,-0.732,-0.913,-3.587,,
Dillon Peters,Marlins,4,4,0,0,0,49,6.82,1.41,4.23,11,11,65,67,30,7,24,3.31,4.33,0.7,18790,-3.593,583.9,0.000,,,,,-1.442,0.178,-1.097,-0.823,-0.231,-3.593,,
Mark Leiter,Phillies,2,2,0,1,1,37,8.62,1.33,4.64,3,23,39,39,20,7,13,2.9,4.64,0.2,15551,-3.640,573.9,0.000,-0.970,-1.378,-1.234,-1.256,,,-0.003,-0.095,-0.930,-3.640,,
Jesse Chavez,Rangers,4,4,0,1,1,57,7.61,1.38,4.69,8,28,67,71,35,11,22,2.9,4.65,0.5,5448,-3.661,703.8,0.000,-0.970,-1.378,-0.101,-0.890,,,-0.617,-0.550,-1.016,-3.661,,
Doug Fister,Rangers,10,10,0,0,0,110,6.59,1.45,4.79,26,26,150,165,80,22,53,3.15,4.81,1.4,9425,-3.992,551.2,0.000,,,,,-0.110,-0.649,-1.237,-1.188,-1.186,-3.721,,
Jarlin Garcia,Marlins,3,4,0,5,5,58,7.24,1.42,4.69,6,41,73,74,38,11,28,3.5,4.83,0.2,18282,-3.823,661.6,0.000,-0.651,-1.007,-0.044,-0.871,,,-0.842,-0.914,-1.016,-3.823,,
Jose Urena,Marlins,9,12,0,0,0,121,6.46,1.43,4.75,29,29,169,178,89,24,64,3.4,4.91,0.9,11589,-3.482,410.2,0.000,,,,,-0.403,-0.622,-1.316,-1.005,-1.118,-3.843,,
Trevor Williams,Pirates,6,8,0,0,0,90,6.69,1.43,4.59,21,21,120,131,61,15,41,3.08,4.49,1.2,16977,-3.927,434.4,0.000,,,,,-0.900,1.059,-1.176,-1.005,-0.845,-3.927,,
Nick Tropeano,Angels,3,3,0,0,0,41,8.05,1.37,4.52,8,8,46,46,23,7,17,3.37,4.69,0.4,12385,-4.011,598.3,0.000,-1.050,-1.470,-1.007,-1.183,,,-0.350,-0.459,-0.726,-4.011,,
Jordan Zimmermann,Tigers,9,11,0,0,0,111,5.93,1.39,5.03,29,29,168,192,94,29,42,2.25,4.93,1.3,4505,-4.279,571,0.000,,,,,-0.155,-1.076,-1.638,-0.641,-1.596,-4.031,,
Robert Gsellman,Mets,3,3,0,6,6,40,6.75,1.38,4.31,3,38,54,57,26,7,17,2.89,4.36,0.2,13696,-4.035,576.3,0.000,-0.571,-0.915,-1.064,-1.201,,,-1.140,-0.550,-0.367,-4.035,,
Antonio Senzatela,Rockies,5,4,0,0,0,58,7.03,1.42,4.71,13,13,74,79,39,10,26,3.17,4.57,1,15488,-3.653,660,0.000,,,,,-1.329,-1.103,-0.970,-0.914,-1.050,-4.263,,
Hisashi Iwakuma,Mariners,3,4,0,0,0,40,6.42,1.34,4.63,10,10,56,61,29,9,14,2.29,4.69,0.5,13048,-4.333,673.9,0.000,-,-,,,-1.893,-0.622,-1.340,-0.186,-0.913,-4.333,,
Huston Street,,2,2,3,0,3,38,7.53,1.39,4.49,0,45,45,45,22,7,17,3.39,4.56,0,8258,-4.351,668.1,0.000,-0.810,-1.192,-1.177,-1.238,,,-0.666,-0.641,-0.674,-4.351,,
Chase Whitley,Braves,2,2,0,5,5,29,7.57,1.34,4.59,0,35,35,36,18,6,10,2.69,4.58,0,10982,-4.366,668.9,0.000,-0.651,-1.007,-1.687,-1.402,,,-0.641,-0.186,-0.845,-4.366,,
Steven Wright,Red Sox,5,5,0,0,0,62,6.62,1.4,4.74,15,15,85,90,44,14,28,3.02,4.92,0.5,8185,-4.471,647.5,0.000,,,,,-1.419,-1.396,-1.219,-0.732,-1.101,-4.471,,
A.J. Cole,Nationals,4,4,0,0,0,53,7.42,1.44,4.88,11,11,65,68,35,11,25,3.47,4.97,0.3,11467,-4.521,527.4,0.000,,,,,-1.351,-0.515,-0.733,-1.097,-1.340,-4.521,,
Matt Moore,Rangers,9,10,0,0,0,119,7.2,1.49,5.11,26,26,149,161,85,25,60,3.63,5.07,1,1890,-4.554,473.4,0.000,,,,,-0.381,-0.756,-0.866,-1.552,-1.733,-4.532,,
Ty Blach,Giants,8,10,0,0,0,77,4.9,1.41,4.59,24,24,142,160,72,17,40,2.55,4.61,1,14361,-4.223,585.6,0.000,,,,,-0.629,1.006,-2.264,-0.823,-0.845,-4.562,,
Ariel Miranda,Mariners,3,3,0,0,0,47,7.58,1.38,4.93,10,10,55,56,30,10,21,3.41,5.16,0.2,17526,-4.594,576.1,0.000,,,,,-1.983,-0.115,-0.635,-0.550,-1.425,-4.594,,
Martin Perez,Rangers,10,9,0,0,0,99,5.52,1.47,4.6,28,28,162,181,83,18,56,3.1,4.52,2,6902,-4.071,646.7,0.000,,,,,-0.494,-0.916,-1.887,-1.370,-0.862,-4.613,,
Jeff Hoffman,Rockies,7,6,0,0,0,95,7.7,1.48,5.02,19,19,111,118,62,17,46,3.72,4.86,1.2,17432,-4.638,628,0.000,,,,,-1.035,0.472,-0.562,-1.461,-1.579,-4.638,,
Ben Lively,Phillies,5,7,0,0,0,69,6.82,1.39,5.15,16,16,92,99,52,17,29,2.83,5.17,0.5,14932,-4.733,591.9,0.000,,,,,-1.193,0.365,-1.097,-0.641,-1.801,-4.733,,
Shelby Miller,Diamondbacks,2,2,0,0,0,32,7.81,1.39,4.5,6,6,37,37,19,5,14,3.49,4.42,0.5,10197,-4.815,669.2,0.000,-1.050,-1.470,-1.517,-1.347,,,-0.496,-0.641,-0.691,-4.815,,
Chris Martin,Rangers,2,1,0,5,5,29,7.38,1.43,4.32,0,35,35,37,17,4,13,3.36,4.31,0,11847,-4.840,686.3,0.000,-0.651,-1.007,-1.687,-1.402,,,-0.757,-1.005,-0.384,-4.840,,
Chad Bettis,Rockies,9,8,0,0,0,100,6.31,1.49,5.11,24,24,142,163,81,21,48,3.07,4.84,1.5,10587,-5.840,643.8,0.000,,,,,-0.223,-1.396,-1.407,-1.552,-1.733,-4.915,,
Wade Miley,Brewers,3,3,0,0,0,43,8.17,1.47,4.66,8,8,47,49,24,6,20,3.9,4.51,0.6,8779,-4.975,635.5,0.000,-1.050,-1.470,-0.894,-1.146,,,-0.277,-1.370,-0.964,-4.975,,
Kyle Freeland,Rockies,9,8,0,0,0,90,6.34,1.49,4.8,21,26,127,142,68,18,48,3.39,4.83,1.3,16256,-4.999,571.6,0.000,,,,,-0.855,-1.022,-1.389,-1.552,-1.203,-4.999,,
Miguel Gonzalez,White Sox,9,11,0,0,0,106,6.01,1.46,5.19,28,28,159,179,91,28,52,2.98,5.26,0.7,7024,-5.389,660.8,0.000,,,,,-0.268,0.232,-1.590,-1.279,-1.869,-5.005,,
Jeremy Hellickson,Nationals,5,6,0,0,0,63,6.07,1.38,5.03,16,16,93,102,52,16,26,2.52,5.04,0.4,4371,-5.028,628.6,0.000,,,,,-1.329,0.659,-1.553,-0.550,-1.596,-5.028,,
Erick Fedde,Nationals,2,2,0,0,0,31,7.43,1.4,4.43,6,6,37,39,18,5,13,3.12,4.41,0.4,17425,-5.074,628.6,0.000,-1.050,-1.470,-1.574,-1.366,,,-0.727,-0.732,-0.572,-5.074,,
Hector Santiago,White Sox,4,6,0,3,3,65,7.65,1.49,5.32,8,38,77,78,46,15,37,4.29,5.63,-0.1,4026,-5.076,681.3,0.000,-0.810,-1.192,0.352,-0.743,,,-0.593,-1.552,-2.091,-5.076,,
Junior Guerra,Brewers,4,4,0,1,1,68,8.12,1.47,5.05,11,21,76,75,43,13,36,4.32,5.19,0.3,5702,-5.087,653.7,0.000,,,,,-1.780,-0.435,-0.307,-1.370,-1.630,-5.087,,
James Shields,White Sox,7,11,0,0,0,130,7.35,1.49,5.36,28,28,159,171,95,31,66,3.72,5.46,0.4,7059,-4.754,599.6,0.000,,,,,-0.652,-0.355,-0.775,-1.552,-2.159,-5.138,,
Nick Kingham,,2,3,0,1,1,29,6.77,1.36,4.48,5,15,38,41,19,5,11,2.61,4.37,0.3,sa548285,-5.217,701.6,0.000,-0.970,-1.378,-1.687,-1.402,,,-1.128,-0.368,-0.657,-5.217,,
Tyson Ross,Padres,6,9,0,0,0,84,6.89,1.57,4.77,19,19,110,114,58,11,60,4.88,4.73,0.8,7872,-5.229,486,0.000,,,,,-0.742,-1.396,-1.055,-2.280,-1.152,-5.229,,
Amir Garrett,Reds,4,5,0,0,0,57,7.86,1.49,4.99,11,11,66,68,36,11,30,4.12,5.19,0.3,14375,-5.235,463.1,0.000,,,,,-1.690,0.072,-0.465,-1.552,-1.528,-5.235,,
Brett Anderson,Athletics,4,4,0,0,0,35,5.56,1.47,4.52,10,10,56,64,28,6,19,2.96,4.4,0.7,8223,-5.242,688.3,0.000,,,,,-1.284,-0.649,-1.863,-1.370,-0.726,-5.242,,
Buck Farmer,Tigers,4,6,0,3,3,71,7.42,1.42,5.16,10,40,86,93,49,16,30,3.13,5.07,0.3,14814,-5.290,690.2,0.000,,,,,-1.825,-1.236,-0.733,-0.914,-1.818,-5.290,,
Ryan Merritt,Indians,4,4,0,3,3,43,5.67,1.35,4.79,6,36,68,77,36,11,15,1.94,4.87,0.2,13688,-5.346,677.7,0.000,-0.810,-1.192,-0.894,-1.146,,,-1.796,-0.277,-1.186,-5.346,,
Robbie Erlin,Padres,2,2,0,1,1,29,6.88,1.37,4.62,5,15,38,41,20,6,12,2.75,4.61,0.2,10354,-5.480,662.4,0.000,-0.970,-1.378,-1.687,-1.402,,,-1.061,-0.459,-0.896,-5.480,,
Andrew Cashner,Orioles,8,10,0,0,0,93,5.72,1.51,5.21,26,26,146,165,85,24,56,3.43,5.27,0.8,8782,-5.603,503.6,0.000,,,,,-0.200,-1.396,-1.766,-1.734,-1.903,-5.603,,
Adalberto Mejia,Twins,2,2,0,0,0,31,7.4,1.41,4.69,6,6,38,40,20,6,13,3.21,4.69,0.4,13188,-5.627,600.1,0.000,-1.050,-1.470,-1.574,-1.366,,,-0.745,-0.823,-1.016,-5.627,,
Paul Blackburn,Athletics,6,7,0,0,0,64,5.14,1.46,4.83,19,19,112,127,60,14,37,2.98,4.8,0.8,14739,-5.642,668.7,0.000,,,,,-0.990,-1.343,-2.118,-1.279,-1.255,-5.642,,
Odrisamer Despaigne,Marlins,4,6,0,0,0,62,5.99,1.47,4.84,16,16,93,99,50,12,38,3.66,4.83,0.6,16017,-5.369,655.5,0.000,,,,,-1.464,-0.462,-1.602,-1.370,-1.272,-5.707,,
Colin Rea,Padres,2,3,0,0,0,35,6.9,1.43,4.68,8,8,46,49,24,6,17,3.39,4.62,0.4,12317,-5.870,714.2,0.000,-1.050,-1.470,-1.347,-1.293,,,-1.049,-1.005,-0.999,-5.870,,
Parker Bridwell,Angels,4,5,0,0,0,53,6.35,1.44,5.17,13,13,75,81,43,14,27,3.24,5.33,0.1,11502,-5.892,503.5,0.000,,,,,-1.577,-1.236,-1.383,-1.097,-1.835,-5.892,,
Sandy Alcantara,Marlins,4,6,0,0,0,78,7.53,1.59,4.89,16,16,93,93,51,12,55,5.27,5.07,0.3,18684,-5.950,541.5,0.000,,,,,-1.487,-0.756,-0.666,-2.463,-1.357,-5.972,,
Cody Reed,Reds,2,3,0,1,1,35,8.28,1.53,4.78,5,15,38,38,20,6,20,4.75,4.94,0.2,15232,-6.020,707.1,0.000,-0.970,-1.378,-1.347,-1.293,,,-0.210,-1.916,-1.169,-6.020,,
Homer Bailey,Reds,8,11,0,0,0,95,6.11,1.5,5.1,24,24,139,158,79,20,52,3.32,4.97,1,8362,-5.516,512.5,0.000,,,,,-1.148,-1.236,-1.529,-1.643,-1.716,-6.036,,
Andrew Moore,Mariners,2,3,0,0,0,33,6.43,1.33,5.09,8,8,47,51,26,9,11,2.08,5.15,0.2,17553,-6.058,660.8,0.000,-1.050,-1.470,-1.460,-1.329,,,-1.334,-0.095,-1.698,-6.058,,
Tyler Beede,,3,3,0,0,0,34,6.53,1.46,4.51,8,8,47,49,23,6,19,3.66,4.6,0.3,sa597784,-6.134,641.6,0.000,-1.050,-1.470,-1.404,-1.311,,,-1.274,-1.279,-0.708,-6.134,,
Chris Tillman,Orioles,6,9,0,0,0,93,6.35,1.53,5.5,23,23,132,146,80,24,55,3.75,5.45,0.4,5279,-6.123,644.2,0.000,,,,,-0.629,-1.263,-1.383,-1.916,-2.398,-6.327,,
Zach Eflin,Phillies,2,3,0,0,0,32,6.29,1.38,5,8,8,46,51,25,8,12,2.34,4.98,0.3,13774,-6.501,706.9,0.000,-1.050,-1.470,-1.517,-1.347,,,-1.419,-0.550,-1.545,-6.501,,
Burch Smith,Royals,2,2,0,5,5,30,7.59,1.51,5.08,0,35,35,36,20,6,17,4.32,5.14,-0.1,12784,-6.682,707.3,0.000,-0.651,-1.007,-1.630,-1.384,,,-0.629,-1.734,-1.681,-6.682,,
Max Fried,Braves,3,3,0,0,0,39,7.65,1.58,4.8,8,8,46,47,25,6,26,5.07,4.91,0.3,13743,-6.758,551.4,0.000,-1.050,-1.470,-1.120,-1.219,,,-0.593,-2.372,-1.203,-6.758,,
Miguel Castro,Orioles,4,5,0,3,3,50,5.8,1.52,5.06,8,38,77,84,43,11,33,3.82,5.11,0.3,15684,-6.879,652.5,0.000,-0.810,-1.192,-0.497,-1.018,,,-1.717,-1.825,-1.647,-6.879,,
Adam Conley,Marlins,2,3,0,0,0,28,6.59,1.48,4.83,6,6,38,39,20,5,16,3.93,4.95,0.2,14457,-7.166,670.8,0.000,-1.050,-1.470,-1.743,-1.421,,,-1.237,-1.461,-1.255,-7.166,,
Yohander Mendez,Rangers,2,2,0,1,1,30,7.12,1.5,5.21,5,15,38,41,22,7,16,3.83,5.27,0.1,14391,-7.469,663.5,0.000,-0.970,-1.378,-1.630,-1.384,,,-0.915,-1.643,-1.903,-7.469,,
Eddie Butler,Cubs,3,3,0,3,3,37,5.7,1.51,5.02,5,35,58,65,32,9,23,3.59,5.12,0,13453,-7.517,684.7,0.000,-0.810,-1.192,-1.234,-1.256,,,-1.778,-1.734,-1.579,-7.517,,
Carson Fulmer,White Sox,6,10,0,0,0,93,6.86,1.65,5.63,21,21,122,130,76,20,72,5.3,5.65,0.1,18311,-7.557,521.3,0.000,,,,,-0.855,-1.183,-1.073,-3.009,-2.620,-7.557,,
Robert Stephenson,Reds,2,3,0,0,0,35,8.62,1.59,5.65,6,6,37,37,23,8,21,5.21,5.83,-0.1,13594,-7.937,472.5,0.000,-1.050,-1.470,-1.347,-1.293,,,-0.003,-2.463,-2.654,-7.937,,